date,rainfall_mm,temp_c
2016-01-01,0.0,22.7
2016-01-02,0.0,22.65
2016-01-03,0.0,22.87
2016-01-04,0.0,23.75
2016-01-05,0.0,24.75
2016-01-06,0.0,25.53
2016-01-07,0.0,25.85
2016-01-08,0.2,25.71
2016-01-09,1.29,26.32
2016-01-10,0.76,26.1
2016-01-11,0.0,25.78
2016-01-12,0.0,26.06
2016-01-13,0.0,25.12
2016-01-14,0.0,25.04
2016-01-15,0.0,25.08
2016-01-16,0.28,25.92
2016-01-17,1.01,26.44
2016-01-18,0.77,27.22
2016-01-19,2.75,26.06
2016-01-20,0.1,26.05
2016-01-21,0.0,25.4
2016-01-22,0.0,24.95
2016-01-23,0.0,25.43
2016-01-24,0.0,24.18
2016-01-25,0.0,23.53
2016-01-26,0.0,23.07
2016-01-27,0.0,23.27
2016-01-28,0.0,23.94
2016-01-29,0.0,23.88
2016-01-30,0.0,24.23
2016-01-31,0.0,24.58
2016-02-01,0.0,24.26
2016-02-02,0.0,25.56
2016-02-03,0.0,25.83
2016-02-04,0.0,27.35
2016-02-05,0.0,27.4
2016-02-06,0.0,26.92
2016-02-07,0.0,26.23
2016-02-08,0.0,26.08
2016-02-09,0.0,25.4
2016-02-10,0.0,25.06
2016-02-11,0.0,24.97
2016-02-12,0.0,26.14
2016-02-13,0.0,26.08
2016-02-14,0.0,26.65
2016-02-15,0.0,27.12
2016-02-16,0.0,28.06
2016-02-17,0.0,28.54
2016-02-18,0.0,28.51
2016-02-19,0.0,29.0
2016-02-20,0.0,29.32
2016-02-21,0.0,29.67
2016-02-22,0.0,29.81
2016-02-23,0.0,29.18
2016-02-24,0.0,29.4
2016-02-25,0.03,28.16
2016-02-26,0.02,28.76
2016-02-27,0.03,28.6
2016-02-28,0.05,29.03
2016-02-29,0.19,28.34
2016-03-01,0.1,28.42
2016-03-02,0.21,29.73
2016-03-03,0.18,29.34
2016-03-04,0.41,29.67
2016-03-05,1.4,28.74
2016-03-06,0.43,28.38
2016-03-07,2.02,28.95
2016-03-08,3.41,27.06
2016-03-09,1.73,27.63
2016-03-10,2.41,27.54
2016-03-11,1.2,27.81
2016-03-12,1.9,28.16
2016-03-13,7.53,27.18
2016-03-14,2.95,26.73
2016-03-15,1.03,29.31
2016-03-16,4.36,27.43
2016-03-17,6.21,27.5
2016-03-18,5.28,27.14
2016-03-19,1.04,27.1
2016-03-20,2.99,27.44
2016-03-21,4.55,27.28
2016-03-22,7.5,27.2
2016-03-23,12.47,26.8
2016-03-24,15.04,25.8
2016-03-25,9.27,26.29
2016-03-26,1.71,26.77
2016-03-27,0.03,26.68
2016-03-28,0.03,28.06
2016-03-29,0.07,28.58
2016-03-30,0.06,28.27
2016-03-31,0.14,27.8
2016-04-01,9.72,27.08
2016-04-02,5.54,27.17
2016-04-03,3.97,27.48
2016-04-04,4.84,27.37
2016-04-05,6.45,26.72
2016-04-06,13.17,26.41
2016-04-07,4.49,27.07
2016-04-08,3.06,27.04
2016-04-09,5.29,27.08
2016-04-10,3.65,27.01
2016-04-11,7.13,26.45
2016-04-12,1.32,26.0
2016-04-13,6.11,26.78
2016-04-14,8.73,26.59
2016-04-15,6.84,26.71
2016-04-16,1.09,26.73
2016-04-17,1.02,27.06
2016-04-18,2.74,25.7
2016-04-19,0.9,26.41
2016-04-20,1.48,26.91
2016-04-21,0.89,26.81
2016-04-22,0.61,27.15
2016-04-23,0.81,27.82
2016-04-24,2.01,27.25
2016-04-25,1.25,26.69
2016-04-26,7.28,26.43
2016-04-27,6.32,26.65
2016-04-28,6.27,25.91
2016-04-29,1.45,26.41
2016-04-30,4.48,27.11
2016-05-01,2.19,27.45
2016-05-02,2.98,26.93
2016-05-03,2.81,26.52
2016-05-04,0.95,26.68
2016-05-05,0.26,26.82
2016-05-06,5.83,26.74
2016-05-07,5.04,26.36
2016-05-08,5.42,25.48
2016-05-09,1.63,26.51
2016-05-10,1.8,26.91
2016-05-11,1.36,27.3
2016-05-12,8.21,26.11
2016-05-13,7.32,25.97
2016-05-14,4.92,25.87
2016-05-15,4.97,25.07
2016-05-16,4.61,25.9
2016-05-17,1.44,25.08
2016-05-18,1.09,26.1
2016-05-19,7.56,26.36
2016-05-20,7.39,25.83
2016-05-21,13.41,25.84
2016-05-22,28.31,24.5
2016-05-23,4.48,24.29
2016-05-24,3.78,25.2
2016-05-25,6.11,26.32
2016-05-26,7.23,25.39
2016-05-27,1.56,26.46
2016-05-28,2.9,25.33
2016-05-29,3.61,26.09
2016-05-30,3.49,25.49
2016-05-31,0.32,25.93
2016-06-01,1.41,26.13
2016-06-02,1.67,26.25
2016-06-03,0.63,25.58
2016-06-04,1.07,26.35
2016-06-05,11.54,25.33
2016-06-06,3.19,25.51
2016-06-07,2.39,24.89
2016-06-08,4.36,26.12
2016-06-09,22.69,25.46
2016-06-10,2.27,25.08
2016-06-11,1.9,24.7
2016-06-12,7.19,25.74
2016-06-13,1.84,24.81
2016-06-14,3.07,24.9
2016-06-15,20.55,23.47
2016-06-16,3.37,23.3
2016-06-17,0.99,24.64
2016-06-18,7.87,25.16
2016-06-19,27.69,24.73
2016-06-20,4.71,23.61
2016-06-21,2.67,23.42
2016-06-22,0.87,24.35
2016-06-23,1.3,24.62
2016-06-24,1.95,24.41
2016-06-25,2.26,24.21
2016-06-26,4.62,24.75
2016-06-27,20.68,24.15
2016-06-28,14.97,23.77
2016-06-29,3.35,24.57
2016-06-30,4.12,23.65
2016-07-01,1.81,24.66
2016-07-02,1.64,25.41
2016-07-03,4.04,25.01
2016-07-04,2.25,25.02
2016-07-05,3.76,24.42
2016-07-06,2.99,25.0
2016-07-07,2.81,25.11
2016-07-08,5.04,25.44
2016-07-09,4.52,24.05
2016-07-10,10.96,23.66
2016-07-11,9.2,23.84
2016-07-12,5.48,24.06
2016-07-13,3.1,23.3
2016-07-14,2.66,24.51
2016-07-15,4.91,23.75
2016-07-16,10.65,23.57
2016-07-17,7.48,23.81
2016-07-18,2.37,24.2
2016-07-19,6.64,23.54
2016-07-20,11.58,24.32
2016-07-21,8.7,24.59
2016-07-22,13.65,23.64
2016-07-23,44.63,24.07
2016-07-24,5.39,23.66
2016-07-25,9.75,23.17
2016-07-26,5.06,23.37
2016-07-27,5.96,24.0
2016-07-28,8.84,24.32
2016-07-29,10.6,24.49
2016-07-30,1.29,23.88
2016-07-31,1.49,24.31
2016-08-01,1.07,24.77
2016-08-02,1.89,24.52
2016-08-03,1.07,24.3
2016-08-04,0.72,24.37
2016-08-05,2.18,23.44
2016-08-06,7.55,23.23
2016-08-07,2.04,24.35
2016-08-08,1.8,24.52
2016-08-09,3.46,24.6
2016-08-10,2.65,24.1
2016-08-11,2.96,24.51
2016-08-12,3.2,24.16
2016-08-13,3.1,24.59
2016-08-14,11.11,24.04
2016-08-15,7.41,24.35
2016-08-16,5.22,24.12
2016-08-17,4.12,23.23
2016-08-18,4.29,24.42
2016-08-19,3.62,24.93
2016-08-20,9.82,24.42
2016-08-21,4.63,24.76
2016-08-22,4.93,24.78
2016-08-23,8.62,24.53
2016-08-24,4.5,24.24
2016-08-25,3.72,24.02
2016-08-26,3.59,24.08
2016-08-27,11.94,23.36
2016-08-28,2.35,23.85
2016-08-29,3.89,24.35
2016-08-30,7.97,24.23
2016-08-31,4.66,24.33
2016-09-01,13.07,23.85
2016-09-02,4.59,23.96
2016-09-03,8.83,24.43
2016-09-04,9.7,24.87
2016-09-05,18.96,24.25
2016-09-06,10.55,23.94
2016-09-07,3.76,24.34
2016-09-08,8.47,25.01
2016-09-09,7.99,24.35
2016-09-10,26.13,24.04
2016-09-11,4.7,24.28
2016-09-12,4.67,24.06
2016-09-13,10.19,24.31
2016-09-14,13.75,23.3
2016-09-15,3.94,24.21
2016-09-16,4.84,24.51
2016-09-17,5.6,24.57
2016-09-18,6.98,24.25
2016-09-19,21.7,24.2
2016-09-20,40.11,23.86
2016-09-21,12.38,24.88
2016-09-22,26.54,24.23
2016-09-23,15.13,23.71
2016-09-24,35.39,24.25
2016-09-25,7.79,24.3
2016-09-26,3.84,24.84
2016-09-27,16.92,24.16
2016-09-28,6.56,25.07
2016-09-29,7.75,25.88
2016-09-30,18.94,25.32
2016-10-01,12.34,24.69
2016-10-02,4.78,23.73
2016-10-03,1.89,24.72
2016-10-04,10.46,25.34
2016-10-05,9.63,25.54
2016-10-06,7.37,25.26
2016-10-07,15.63,25.52
2016-10-08,12.65,24.84
2016-10-09,2.12,24.24
2016-10-10,10.97,24.85
2016-10-11,13.55,24.65
2016-10-12,5.36,24.84
2016-10-13,15.72,25.4
2016-10-14,14.12,25.37
2016-10-15,4.93,25.57
2016-10-16,13.83,25.54
2016-10-17,6.57,25.65
2016-10-18,18.5,25.4
2016-10-19,4.85,24.98
2016-10-20,3.76,25.23
2016-10-21,26.22,24.53
2016-10-22,8.6,24.52
2016-10-23,0.86,25.17
2016-10-24,1.38,26.3
2016-10-25,3.1,26.27
2016-10-26,3.05,26.02
2016-10-27,2.02,26.28
2016-10-28,0.65,26.15
2016-10-29,0.81,25.96
2016-10-30,0.86,24.18
2016-10-31,0.6,25.05
2016-11-01,1.03,24.79
2016-11-02,0.28,24.67
2016-11-03,0.16,25.39
2016-11-04,0.11,24.96
2016-11-05,0.1,25.73
2016-11-06,0.05,25.08
2016-11-07,0.59,25.36
2016-11-08,1.06,25.72
2016-11-09,0.33,25.31
2016-11-10,0.49,24.69
2016-11-11,2.43,25.04
2016-11-12,0.0,25.33
2016-11-13,0.0,25.86
2016-11-14,0.0,24.81
2016-11-15,0.0,25.4
2016-11-16,0.0,25.94
2016-11-17,0.14,25.32
2016-11-18,0.41,25.64
2016-11-19,0.47,26.06
2016-11-20,0.21,26.61
2016-11-21,0.33,25.08
2016-11-22,0.06,25.09
2016-11-23,0.2,25.83
2016-11-24,0.14,26.57
2016-11-25,0.11,26.89
2016-11-26,0.14,25.78
2016-11-27,0.66,25.56
2016-11-28,0.42,25.61
2016-11-29,0.25,25.43
2016-11-30,0.4,26.4
2016-12-01,0.24,26.16
2016-12-02,0.0,26.07
2016-12-03,0.0,24.97
2016-12-04,0.0,24.76
2016-12-05,0.0,24.53
2016-12-06,0.0,24.33
2016-12-07,0.12,24.86
2016-12-08,0.34,24.13
2016-12-09,0.23,24.81
2016-12-10,0.48,25.43
2016-12-11,1.63,25.9
2016-12-12,0.37,25.02
2016-12-13,0.07,25.2
2016-12-14,0.08,25.54
2016-12-15,0.21,25.2
2016-12-16,0.16,25.82
2016-12-17,0.0,25.95
2016-12-18,0.0,26.04
2016-12-19,0.0,25.61
2016-12-20,0.0,25.55
2016-12-21,0.0,23.99
2016-12-22,0.0,25.02
2016-12-23,0.0,24.28
2016-12-24,0.0,25.39
2016-12-25,0.0,25.41
2016-12-26,0.0,23.56
2016-12-27,0.0,22.06
2016-12-28,0.0,23.24
2016-12-29,0.0,23.02
2016-12-30,0.0,23.85
2016-12-31,0.0,23.61
2017-01-01,0.0,23.79
2017-01-02,0.0,24.4
2017-01-03,0.0,24.34
2017-01-04,0.0,24.01
2017-01-05,0.0,24.71
2017-01-06,0.0,23.91
2017-01-07,0.0,24.07
2017-01-08,0.0,23.87
2017-01-09,0.0,23.86
2017-01-10,0.0,23.98
2017-01-11,0.08,24.26
2017-01-12,0.12,25.27
2017-01-13,0.25,24.43
2017-01-14,0.0,23.78
2017-01-15,0.0,24.49
2017-01-16,0.0,25.41
2017-01-17,0.0,25.82
2017-01-18,0.0,25.63
2017-01-19,0.0,26.47
2017-01-20,0.0,25.87
2017-01-21,0.23,26.25
2017-01-22,0.32,26.07
2017-01-23,0.51,25.57
2017-01-24,0.18,24.91
2017-01-25,0.03,25.36
2017-01-26,0.0,25.6
2017-01-27,0.01,25.71
2017-01-28,0.0,26.42
2017-01-29,0.0,26.4
2017-01-30,0.01,25.96
2017-01-31,0.31,26.39
2017-02-01,0.17,25.29
2017-02-02,0.08,26.49
2017-02-03,0.06,26.9
2017-02-04,0.1,26.8
2017-02-05,0.49,26.97
2017-02-06,0.15,26.88
2017-02-07,0.17,25.8
2017-02-08,0.88,25.69
2017-02-09,0.73,26.31
2017-02-10,0.17,26.87
2017-02-11,0.1,26.25
2017-02-12,0.11,26.83
2017-02-13,0.05,26.8
2017-02-14,0.02,25.65
2017-02-15,0.0,24.04
2017-02-16,0.0,24.12
2017-02-17,0.0,24.71
2017-02-18,0.0,23.6
2017-02-19,0.0,23.19
2017-02-20,0.0,24.61
2017-02-21,0.0,26.44
2017-02-22,0.0,27.18
2017-02-23,0.01,27.26
2017-02-24,0.01,27.96
2017-02-25,0.01,27.28
2017-02-26,0.01,25.67
2017-02-27,0.01,26.21
2017-02-28,0.02,26.69
2017-03-01,0.02,26.71
2017-03-02,0.55,27.12
2017-03-03,1.18,27.14
2017-03-04,0.35,27.72
2017-03-05,0.69,27.77
2017-03-06,1.01,27.33
2017-03-07,0.48,27.95
2017-03-08,0.78,27.0
2017-03-09,1.55,26.39
2017-03-10,0.86,27.48
2017-03-11,0.75,27.62
2017-03-12,1.06,27.08
2017-03-13,0.23,27.71
2017-03-14,1.09,26.87
2017-03-15,1.58,26.4
2017-03-16,0.16,27.28
2017-03-17,0.49,27.44
2017-03-18,1.57,28.52
2017-03-19,2.22,27.67
2017-03-20,3.76,27.3
2017-03-21,0.97,27.88
2017-03-22,6.28,26.57
2017-03-23,2.2,26.28
2017-03-24,1.46,26.7
2017-03-25,1.26,28.06
2017-03-26,2.11,27.67
2017-03-27,1.9,28.17
2017-03-28,1.27,28.08
2017-03-29,3.49,27.64
2017-03-30,4.72,26.99
2017-03-31,3.4,26.64
2017-04-01,0.29,27.57
2017-04-02,0.68,26.24
2017-04-03,0.1,27.11
2017-04-04,0.21,26.38
2017-04-05,0.5,26.61
2017-04-06,13.16,26.3
2017-04-07,4.13,27.08
2017-04-08,15.86,26.29
2017-04-09,20.36,25.82
2017-04-10,20.56,26.0
2017-04-11,2.54,26.04
2017-04-12,8.09,26.01
2017-04-13,5.34,25.51
2017-04-14,1.93,26.29
2017-04-15,8.65,25.88
2017-04-16,0.03,24.88
2017-04-17,0.75,26.31
2017-04-18,2.14,26.12
2017-04-19,3.1,26.7
2017-04-20,3.75,26.75
2017-04-21,3.02,26.29
2017-04-22,0.82,26.6
2017-04-23,1.74,26.53
2017-04-24,3.22,26.41
2017-04-25,1.16,26.11
2017-04-26,4.72,26.39
2017-04-27,6.65,26.38
2017-04-28,18.27,25.65
2017-04-29,4.03,26.04
2017-04-30,1.91,26.58
2017-05-01,9.79,25.66
2017-05-02,11.49,25.12
2017-05-03,17.89,25.8
2017-05-04,12.16,26.24
2017-05-05,3.61,25.84
2017-05-06,9.74,26.25
2017-05-07,5.71,25.85
2017-05-08,13.1,26.08
2017-05-09,13.08,25.86
2017-05-10,2.3,26.33
2017-05-11,11.74,25.73
2017-05-12,6.77,25.48
2017-05-13,5.27,25.86
2017-05-14,6.54,26.0
2017-05-15,20.55,25.27
2017-05-16,0.71,24.79
2017-05-17,0.13,25.71
2017-05-18,1.13,25.86
2017-05-19,2.46,26.0
2017-05-20,3.86,26.0
2017-05-21,2.92,26.26
2017-05-22,1.69,25.87
2017-05-23,6.88,25.8
2017-05-24,6.04,25.27
2017-05-25,13.62,24.71
2017-05-26,7.4,25.0
2017-05-27,2.1,25.88
2017-05-28,6.44,26.16
2017-05-29,8.9,26.1
2017-05-30,6.42,25.96
2017-05-31,6.78,25.23
2017-06-01,1.71,26.37
2017-06-02,4.08,25.66
2017-06-03,2.52,25.02
2017-06-04,2.13,24.85
2017-06-05,6.41,25.45
2017-06-06,3.84,25.8
2017-06-07,2.1,26.36
2017-06-08,1.54,26.5
2017-06-09,2.27,25.91
2017-06-10,8.87,25.96
2017-06-11,6.45,25.58
2017-06-12,7.64,25.06
2017-06-13,16.55,24.0
2017-06-14,10.13,24.2
2017-06-15,5.13,25.21
2017-06-16,53.6,24.44
2017-06-17,24.57,23.69
2017-06-18,2.32,24.62
2017-06-19,8.64,24.71
2017-06-20,14.99,23.68
2017-06-21,1.8,25.08
2017-06-22,9.29,25.85
2017-06-23,14.05,24.55
2017-06-24,6.29,24.44
2017-06-25,13.89,24.67
2017-06-26,15.97,24.46
2017-06-27,1.34,24.64
2017-06-28,5.19,23.88
2017-06-29,19.95,24.24
2017-06-30,2.81,23.98
2017-07-01,5.14,23.66
2017-07-02,1.48,24.39
2017-07-03,3.78,24.25
2017-07-04,3.56,24.36
2017-07-05,21.17,23.6
2017-07-06,10.74,23.5
2017-07-07,2.89,24.05
2017-07-08,12.93,24.45
2017-07-09,46.49,23.37
2017-07-10,1.04,22.84
2017-07-11,0.28,23.19
2017-07-12,1.97,23.4
2017-07-13,4.15,24.38
2017-07-14,2.59,23.15
2017-07-15,7.53,23.39
2017-07-16,10.68,24.11
2017-07-17,5.15,24.38
2017-07-18,6.58,23.99
2017-07-19,3.6,24.49
2017-07-20,14.06,25.0
2017-07-21,20.8,25.27
2017-07-22,27.68,23.92
2017-07-23,11.66,23.4
2017-07-24,15.88,24.18
2017-07-25,5.6,24.03
2017-07-26,2.93,24.39
2017-07-27,2.13,25.0
2017-07-28,5.24,24.59
2017-07-29,5.02,24.41
2017-07-30,4.11,24.27
2017-07-31,2.85,24.27
2017-08-01,3.99,23.83
2017-08-02,2.68,23.53
2017-08-03,2.64,24.45
2017-08-04,4.69,23.25
2017-08-05,6.05,23.66
2017-08-06,3.08,23.91
2017-08-07,5.59,22.64
2017-08-08,6.68,23.62
2017-08-09,3.95,23.94
2017-08-10,3.24,24.27
2017-08-11,8.18,24.87
2017-08-12,13.39,23.85
2017-08-13,47.12,24.11
2017-08-14,12.19,23.22
2017-08-15,6.05,23.91
2017-08-16,10.24,24.15
2017-08-17,8.07,23.05
2017-08-18,5.84,23.75
2017-08-19,1.05,24.03
2017-08-20,4.4,24.16
2017-08-21,3.7,23.49
2017-08-22,2.51,23.59
2017-08-23,3.07,23.56
2017-08-24,18.52,24.32
2017-08-25,7.57,23.9
2017-08-26,9.45,23.52
2017-08-27,7.49,23.64
2017-08-28,6.39,23.99
2017-08-29,9.57,23.69
2017-08-30,9.55,23.65
2017-08-31,9.22,23.37
2017-09-01,4.0,23.99
2017-09-02,8.7,24.29
2017-09-03,9.11,23.25
2017-09-04,8.65,24.43
2017-09-05,6.1,24.7
2017-09-06,10.21,25.01
2017-09-07,20.13,23.9
2017-09-08,8.65,23.66
2017-09-09,3.54,25.01
2017-09-10,7.07,25.5
2017-09-11,5.1,24.65
2017-09-12,5.15,24.15
2017-09-13,1.48,23.66
2017-09-14,0.62,24.45
2017-09-15,2.74,24.25
2017-09-16,5.18,23.49
2017-09-17,1.28,23.91
2017-09-18,3.44,24.99
2017-09-19,1.84,25.39
2017-09-20,1.4,25.14
2017-09-21,14.2,24.26
2017-09-22,3.7,23.59
2017-09-23,6.94,24.48
2017-09-24,7.95,24.49
2017-09-25,6.4,24.99
2017-09-26,6.28,24.73
2017-09-27,4.48,24.48
2017-09-28,5.91,24.67
2017-09-29,7.58,24.17
2017-09-30,1.58,25.13
2017-10-01,2.55,25.01
2017-10-02,4.72,25.72
2017-10-03,6.62,25.52
2017-10-04,4.92,24.73
2017-10-05,21.08,23.88
2017-10-06,2.41,25.32
2017-10-07,8.95,24.97
2017-10-08,7.71,25.04
2017-10-09,2.31,25.27
2017-10-10,6.15,25.13
2017-10-11,4.48,24.8
2017-10-12,7.54,24.58
2017-10-13,2.77,24.62
2017-10-14,1.13,25.06
2017-10-15,0.42,25.48
2017-10-16,0.22,25.69
2017-10-17,0.32,25.47
2017-10-18,3.47,24.48
2017-10-19,1.57,24.6
2017-10-20,1.24,25.73
2017-10-21,1.48,25.62
2017-10-22,2.06,25.07
2017-10-23,1.21,25.53
2017-10-24,1.18,26.19
2017-10-25,0.96,25.98
2017-10-26,1.24,25.85
2017-10-27,1.81,24.7
2017-10-28,0.06,23.63
2017-10-29,0.02,25.07
2017-10-30,0.0,25.29
2017-10-31,0.02,25.73
2017-11-01,0.02,24.44
2017-11-02,0.34,24.86
2017-11-03,0.97,25.3
2017-11-04,2.99,25.09
2017-11-05,1.71,24.82
2017-11-06,2.08,25.22
2017-11-07,0.02,25.2
2017-11-08,0.0,24.72
2017-11-09,0.01,25.4
2017-11-10,0.01,25.54
2017-11-11,0.01,25.06
2017-11-12,0.39,24.63
2017-11-13,0.17,25.36
2017-11-14,0.2,26.02
2017-11-15,0.25,25.66
2017-11-16,0.36,24.87
2017-11-17,1.88,25.36
2017-11-18,1.3,24.87
2017-11-19,2.28,24.08
2017-11-20,1.28,23.94
2017-11-21,0.21,25.74
2017-11-22,0.59,25.16
2017-11-23,1.88,24.51
2017-11-24,0.49,24.69
2017-11-25,0.22,25.28
2017-11-26,0.08,23.85
2017-11-27,0.0,23.74
2017-11-28,0.0,23.77
2017-11-29,0.0,24.41
2017-11-30,0.0,25.13
2017-12-01,0.0,23.66
2017-12-02,0.0,24.81
2017-12-03,0.0,25.24
2017-12-04,0.0,26.1
2017-12-05,0.0,24.85
2017-12-06,0.0,24.81
2017-12-07,1.09,24.61
2017-12-08,2.76,25.11
2017-12-09,1.98,24.15
2017-12-10,0.28,23.75
2017-12-11,0.01,23.3
2017-12-12,0.0,24.63
2017-12-13,0.0,24.08
2017-12-14,0.0,24.34
2017-12-15,0.0,25.79
2017-12-16,0.0,25.61
2017-12-17,3.85,25.06
2017-12-18,7.83,25.02
2017-12-19,25.23,24.01
2017-12-20,11.95,25.38
2017-12-21,6.36,25.96
2017-12-22,0.0,25.16
2017-12-23,0.0,23.07
2017-12-24,0.0,24.13
2017-12-25,0.0,23.34
2017-12-26,0.0,22.81
2017-12-27,0.0,23.73
2017-12-28,0.0,23.01
2017-12-29,0.0,23.86
2017-12-30,0.0,23.76
2017-12-31,0.0,22.51
2018-01-01,0.0,21.94
2018-01-02,0.0,20.75
2018-01-03,0.0,20.81
2018-01-04,0.0,20.83
2018-01-05,0.0,21.15
2018-01-06,0.0,20.76
2018-01-07,0.0,22.11
2018-01-08,0.0,23.71
2018-01-09,0.0,22.81
2018-01-10,0.33,23.54
2018-01-11,0.0,23.43
2018-01-12,0.0,22.65
2018-01-13,0.0,22.54
2018-01-14,0.0,22.5
2018-01-15,0.0,23.32
2018-01-16,0.0,23.97
2018-01-17,0.0,23.79
2018-01-18,0.0,23.0
2018-01-19,0.0,24.4
2018-01-20,0.0,24.78
2018-01-21,0.0,23.15
2018-01-22,0.0,22.77
2018-01-23,0.0,23.3
2018-01-24,0.0,23.76
2018-01-25,0.0,23.06
2018-01-26,0.0,23.07
2018-01-27,0.0,23.75
2018-01-28,0.0,24.55
2018-01-29,0.13,24.89
2018-01-30,0.36,24.32
2018-01-31,0.0,23.61
2018-02-01,0.0,23.11
2018-02-02,0.0,24.85
2018-02-03,0.0,26.66
2018-02-04,0.0,25.93
2018-02-05,1.35,26.16
2018-02-06,3.7,26.64
2018-02-07,3.88,26.44
2018-02-08,5.61,26.68
2018-02-09,17.92,26.06
2018-02-10,0.14,25.69
2018-02-11,0.07,26.28
2018-02-12,0.08,25.71
2018-02-13,0.59,25.0
2018-02-14,0.04,27.63
2018-02-15,0.67,26.82
2018-02-16,0.91,27.16
2018-02-17,1.03,27.34
2018-02-18,2.88,26.34
2018-02-19,3.27,26.37
2018-02-20,0.32,25.56
2018-02-21,0.12,25.26
2018-02-22,0.2,25.33
2018-02-23,1.3,24.61
2018-02-24,0.15,25.08
2018-02-25,1.51,26.42
2018-02-26,1.44,25.18
2018-02-27,0.18,25.15
2018-02-28,1.91,25.17
2018-03-01,0.77,25.69
2018-03-02,0.16,26.31
2018-03-03,0.16,27.3
2018-03-04,0.4,27.15
2018-03-05,0.71,26.29
2018-03-06,1.17,26.47
2018-03-07,1.46,26.82
2018-03-08,1.05,26.4
2018-03-09,1.73,25.86
2018-03-10,0.84,25.72
2018-03-11,1.44,26.48
2018-03-12,4.64,26.61
2018-03-13,4.7,26.52
2018-03-14,1.62,26.84
2018-03-15,1.62,26.27
2018-03-16,6.71,26.2
2018-03-17,1.15,26.06
2018-03-18,0.69,25.65
2018-03-19,0.84,26.03
2018-03-20,1.12,26.04
2018-03-21,1.55,25.1
2018-03-22,1.09,25.59
2018-03-23,0.49,25.07
2018-03-24,0.52,26.4
2018-03-25,0.23,26.12
2018-03-26,0.35,27.6
2018-03-27,0.02,26.48
2018-03-28,0.08,26.71
2018-03-29,0.15,25.84
2018-03-30,0.22,26.23
2018-03-31,0.0,26.84
2018-04-01,0.27,25.72
2018-04-02,0.58,26.05
2018-04-03,0.68,26.66
2018-04-04,1.53,26.86
2018-04-05,2.68,26.45
2018-04-06,3.57,25.5
2018-04-07,1.2,26.25
2018-04-08,2.73,26.01
2018-04-09,5.29,26.11
2018-04-10,1.18,25.43
2018-04-11,0.28,26.45
2018-04-12,1.23,26.6
2018-04-13,0.88,26.6
2018-04-14,3.26,26.1
2018-04-15,1.1,25.72
2018-04-16,5.85,26.05
2018-04-17,4.63,26.48
2018-04-18,7.07,26.06
2018-04-19,8.1,25.79
2018-04-20,5.14,25.81
2018-04-21,0.49,25.19
2018-04-22,0.18,25.5
2018-04-23,0.42,26.13
2018-04-24,1.26,25.91
2018-04-25,4.88,25.49
2018-04-26,1.04,25.61
2018-04-27,1.06,26.15
2018-04-28,0.57,26.2
2018-04-29,0.51,26.11
2018-04-30,1.16,26.27
2018-05-01,6.18,25.96
2018-05-02,11.71,25.97
2018-05-03,1.39,25.96
2018-05-04,0.88,25.91
2018-05-05,0.44,25.68
2018-05-06,2.51,26.26
2018-05-07,1.87,26.0
2018-05-08,1.27,25.3
2018-05-09,1.9,25.7
2018-05-10,4.41,24.9
2018-05-11,7.31,24.55
2018-05-12,7.96,25.18
2018-05-13,3.31,25.05
2018-05-14,4.12,25.38
2018-05-15,2.48,25.59
2018-05-16,8.25,25.44
2018-05-17,7.47,24.63
2018-05-18,5.89,25.31
2018-05-19,1.77,25.74
2018-05-20,4.9,25.54
2018-05-21,3.88,25.24
2018-05-22,3.81,24.87
2018-05-23,0.8,25.67
2018-05-24,1.78,25.65
2018-05-25,4.9,25.28
2018-05-26,2.86,24.88
2018-05-27,1.18,25.09
2018-05-28,1.21,25.51
2018-05-29,1.14,25.42
2018-05-30,1.46,25.17
2018-05-31,1.07,25.98
2018-06-01,1.84,26.14
2018-06-02,6.88,25.6
2018-06-03,2.85,25.44
2018-06-04,1.94,25.27
2018-06-05,7.73,25.4
2018-06-06,23.49,25.33
2018-06-07,15.19,25.72
2018-06-08,33.4,25.15
2018-06-09,38.92,24.51
2018-06-10,33.91,24.22
2018-06-11,3.16,25.03
2018-06-12,3.22,25.11
2018-06-13,7.0,25.57
2018-06-14,6.49,25.24
2018-06-15,1.16,25.01
2018-06-16,1.68,24.47
2018-06-17,1.81,24.96
2018-06-18,8.13,23.97
2018-06-19,1.61,23.76
2018-06-20,7.62,23.13
2018-06-21,23.29,23.15
2018-06-22,2.28,23.96
2018-06-23,12.21,23.4
2018-06-24,37.09,23.41
2018-06-25,0.29,24.87
2018-06-26,5.0,24.7
2018-06-27,3.23,24.75
2018-06-28,17.53,23.9
2018-06-29,28.65,23.79
2018-06-30,8.99,24.25
2018-07-01,6.48,23.2
2018-07-02,6.99,24.13
2018-07-03,10.47,23.63
2018-07-04,9.18,24.51
2018-07-05,16.84,23.81
2018-07-06,9.41,24.02
2018-07-07,3.47,23.6
2018-07-08,1.76,24.53
2018-07-09,1.25,24.42
2018-07-10,0.76,24.72
2018-07-11,1.14,24.81
2018-07-12,3.44,24.41
2018-07-13,3.11,23.93
2018-07-14,2.36,24.58
2018-07-15,19.01,24.53
2018-07-16,52.65,24.45
2018-07-17,33.26,23.65
2018-07-18,20.43,24.01
2018-07-19,32.27,24.55
2018-07-20,34.74,23.89
2018-07-21,8.49,23.67
2018-07-22,0.96,24.17
2018-07-23,0.6,25.2
2018-07-24,5.36,24.63
2018-07-25,8.86,24.19
2018-07-26,5.54,23.64
2018-07-27,3.97,24.07
2018-07-28,4.95,24.03
2018-07-29,10.22,23.69
2018-07-30,4.92,23.32
2018-07-31,3.2,23.54
2018-08-01,6.82,23.63
2018-08-02,11.93,23.55
2018-08-03,6.1,23.56
2018-08-04,0.14,23.66
2018-08-05,1.77,23.26
2018-08-06,1.16,22.62
2018-08-07,1.31,23.74
2018-08-08,0.59,24.3
2018-08-09,9.2,24.38
2018-08-10,3.09,23.92
2018-08-11,3.03,24.27
2018-08-12,4.83,23.97
2018-08-13,8.53,23.43
2018-08-14,1.19,24.27
2018-08-15,1.43,24.48
2018-08-16,2.05,23.8
2018-08-17,10.6,23.45
2018-08-18,5.11,23.98
2018-08-19,8.21,23.85
2018-08-20,20.93,23.31
2018-08-21,20.84,23.23
2018-08-22,27.01,23.3
2018-08-23,18.57,23.54
2018-08-24,46.61,22.95
2018-08-25,15.97,22.93
2018-08-26,2.98,24.44
2018-08-27,1.88,24.39
2018-08-28,2.72,24.11
2018-08-29,8.38,24.15
2018-08-30,30.06,23.56
2018-08-31,16.22,23.61
2018-09-01,5.55,23.67
2018-09-02,7.11,24.09
2018-09-03,18.45,23.71
2018-09-04,6.5,24.55
2018-09-05,3.34,24.43
2018-09-06,41.59,23.82
2018-09-07,63.81,22.98
2018-09-08,8.59,23.97
2018-09-09,32.52,23.72
2018-09-10,13.98,24.07
2018-09-11,9.79,24.22
2018-09-12,2.28,24.19
2018-09-13,12.19,23.98
2018-09-14,5.96,24.2
2018-09-15,4.34,24.55
2018-09-16,5.16,24.95
2018-09-17,3.67,25.31
2018-09-18,5.11,23.97
2018-09-19,5.55,25.07
2018-09-20,31.55,25.75
2018-09-21,5.17,25.5
2018-09-22,10.58,24.48
2018-09-23,19.33,23.7
2018-09-24,3.18,24.73
2018-09-25,36.08,24.63
2018-09-26,10.1,24.57
2018-09-27,5.43,24.97
2018-09-28,8.62,24.08
2018-09-29,5.73,24.26
2018-09-30,7.59,24.67
2018-10-01,11.14,24.18
2018-10-02,6.05,24.49
2018-10-03,2.42,24.64
2018-10-04,4.39,24.19
2018-10-05,5.3,24.33
2018-10-06,3.62,24.21
2018-10-07,2.55,25.41
2018-10-08,14.69,24.95
2018-10-09,8.04,24.57
2018-10-10,10.08,25.4
2018-10-11,3.84,24.87
2018-10-12,15.8,24.36
2018-10-13,5.44,25.23
2018-10-14,3.97,25.16
2018-10-15,5.4,25.4
2018-10-16,7.13,25.03
2018-10-17,10.52,25.35
2018-10-18,2.56,23.78
2018-10-19,0.94,25.48
2018-10-20,0.25,26.22
2018-10-21,0.56,26.39
2018-10-22,2.71,25.63
2018-10-23,4.37,25.36
2018-10-24,3.88,24.62
2018-10-25,4.14,25.12
2018-10-26,3.38,25.31
2018-10-27,3.0,25.35
2018-10-28,11.26,25.67
2018-10-29,28.16,24.76
2018-10-30,12.87,25.83
2018-10-31,9.4,26.08
2018-11-01,11.82,24.91
2018-11-02,1.72,25.27
2018-11-03,5.11,25.25
2018-11-04,3.22,25.8
2018-11-05,1.41,24.76
2018-11-06,0.75,24.73
2018-11-07,3.65,24.71
2018-11-08,1.52,26.09
2018-11-09,3.57,24.81
2018-11-10,2.68,26.1
2018-11-11,0.53,25.91
2018-11-12,0.04,25.59
2018-11-13,0.06,25.77
2018-11-14,0.15,26.25
2018-11-15,0.07,25.04
2018-11-16,0.06,25.45
2018-11-17,3.89,24.84
2018-11-18,4.04,25.07
2018-11-19,0.49,25.33
2018-11-20,1.12,24.28
2018-11-21,0.89,24.64
2018-11-22,0.04,25.83
2018-11-23,0.02,26.0
2018-11-24,0.0,24.84
2018-11-25,0.0,24.25
2018-11-26,0.01,25.26
2018-11-27,0.21,25.22
2018-11-28,0.03,24.85
2018-11-29,0.0,24.63
2018-11-30,0.02,24.8
2018-12-01,0.01,24.82
2018-12-02,0.03,24.06
2018-12-03,0.0,25.07
2018-12-04,0.02,24.95
2018-12-05,0.0,24.45
2018-12-06,0.0,23.01
2018-12-07,0.0,23.51
2018-12-08,0.0,25.16
2018-12-09,0.0,23.54
2018-12-10,0.0,22.9
2018-12-11,0.0,24.29
2018-12-12,0.13,25.02
2018-12-13,0.03,23.58
2018-12-14,0.0,23.53
2018-12-15,0.06,24.98
2018-12-16,0.11,24.98
2018-12-17,0.0,24.95
2018-12-18,0.0,23.56
2018-12-19,0.0,23.57
2018-12-20,0.0,22.83
2018-12-21,0.0,22.24
2018-12-22,0.0,22.53
2018-12-23,0.0,21.8
2018-12-24,0.0,21.68
2018-12-25,0.0,22.04
2018-12-26,0.0,21.94
2018-12-27,0.0,22.25
2018-12-28,0.0,23.58
2018-12-29,0.0,23.83
2018-12-30,0.0,23.57
2018-12-31,0.0,24.1
2019-01-01,0.0,23.37
2019-01-02,0.0,22.75
2019-01-03,0.0,23.54
2019-01-04,0.0,23.47
2019-01-05,0.0,22.74
2019-01-06,0.0,23.11
2019-01-07,0.0,23.41
2019-01-08,0.0,22.14
2019-01-09,0.0,21.67
2019-01-10,0.0,24.08
2019-01-11,0.0,24.5
2019-01-12,0.0,24.06
2019-01-13,0.0,24.4
2019-01-14,0.0,24.96
2019-01-15,0.0,25.91
2019-01-16,0.52,25.62
2019-01-17,0.4,25.3
2019-01-18,0.22,25.01
2019-01-19,0.3,25.58
2019-01-20,0.63,26.2
2019-01-21,7.66,26.01
2019-01-22,3.32,25.65
2019-01-23,11.08,25.36
2019-01-24,19.09,25.26
2019-01-25,8.6,25.8
2019-01-26,0.29,25.71
2019-01-27,0.57,25.49
2019-01-28,1.66,25.23
2019-01-29,3.6,25.84
2019-01-30,1.02,25.66
2019-01-31,0.02,25.63
2019-02-01,1.77,25.15
2019-02-02,5.54,23.65
2019-02-03,0.27,25.12
2019-02-04,0.26,24.45
2019-02-05,0.27,24.93
2019-02-06,0.09,25.62
2019-02-07,0.57,26.03
2019-02-08,0.11,25.73
2019-02-09,0.0,24.96
2019-02-10,0.0,24.63
2019-02-11,0.0,24.9
2019-02-12,0.0,23.88
2019-02-13,0.0,24.3
2019-02-14,0.0,24.98
2019-02-15,0.02,24.01
2019-02-16,0.04,23.33
2019-02-17,0.05,24.56
2019-02-18,0.02,24.63
2019-02-19,0.09,26.05
2019-02-20,0.84,25.15
2019-02-21,1.1,25.71
2019-02-22,1.66,25.44
2019-02-23,3.38,25.31
2019-02-24,0.66,25.44
2019-02-25,1.72,25.34
2019-02-26,1.02,25.1
2019-02-27,1.1,25.52
2019-02-28,4.63,24.15
2019-03-01,3.05,24.62
2019-03-02,1.88,26.29
2019-03-03,0.16,25.25
2019-03-04,0.8,24.96
2019-03-05,1.17,25.88
2019-03-06,1.35,25.48
2019-03-07,1.57,25.86
2019-03-08,8.94,25.59
2019-03-09,1.66,25.46
2019-03-10,1.43,25.44
2019-03-11,0.82,25.63
2019-03-12,1.22,25.46
2019-03-13,1.25,25.83
2019-03-14,1.13,25.97
2019-03-15,0.83,26.6
2019-03-16,1.32,26.55
2019-03-17,0.21,26.45
2019-03-18,0.05,26.62
2019-03-19,0.23,26.33
2019-03-20,0.01,25.99
2019-03-21,3.54,26.6
2019-03-22,0.03,26.05
2019-03-23,0.02,25.39
2019-03-24,0.03,25.32
2019-03-25,0.04,25.09
2019-03-26,0.02,26.05
2019-03-27,1.86,26.56
2019-03-28,0.57,27.03
2019-03-29,2.58,26.93
2019-03-30,2.31,26.14
2019-03-31,3.58,26.26
2019-04-01,0.63,26.61
2019-04-02,1.18,26.82
2019-04-03,2.12,27.27
2019-04-04,2.11,27.62
2019-04-05,2.03,27.11
2019-04-06,1.18,26.62
2019-04-07,2.55,26.33
2019-04-08,1.58,26.31
2019-04-09,2.41,25.55
2019-04-10,0.82,26.36
2019-04-11,1.71,25.26
2019-04-12,1.34,26.0
2019-04-13,1.78,25.22
2019-04-14,2.57,25.12
2019-04-15,0.39,26.21
2019-04-16,4.63,26.63
2019-04-17,4.25,26.95
2019-04-18,1.86,26.93
2019-04-19,2.94,26.49
2019-04-20,9.21,25.99
2019-04-21,0.5,26.2
2019-04-22,4.34,25.6
2019-04-23,4.96,25.93
2019-04-24,9.73,26.49
2019-04-25,2.54,25.74
2019-04-26,1.15,25.97
2019-04-27,1.11,26.93
2019-04-28,4.46,27.0
2019-04-29,7.59,26.57
2019-04-30,2.53,26.21
2019-05-01,1.89,25.94
2019-05-02,0.7,25.93
2019-05-03,1.4,25.91
2019-05-04,4.57,25.84
2019-05-05,0.26,26.06
2019-05-06,4.4,25.95
2019-05-07,12.89,26.0
2019-05-08,22.36,25.63
2019-05-09,7.26,25.65
2019-05-10,3.25,26.17
2019-05-11,3.47,25.3
2019-05-12,7.42,26.36
2019-05-13,8.29,25.44
2019-05-14,5.42,25.69
2019-05-15,49.37,24.73
2019-05-16,19.25,24.48
2019-05-17,0.12,25.29
2019-05-18,0.72,25.4
2019-05-19,0.15,25.3
2019-05-20,3.06,25.47
2019-05-21,2.17,25.03
2019-05-22,0.54,25.95
2019-05-23,2.54,26.16
2019-05-24,3.14,25.66
2019-05-25,1.38,26.09
2019-05-26,3.29,25.34
2019-05-27,1.42,25.67
2019-05-28,4.89,25.42
2019-05-29,11.48,24.83
2019-05-30,9.57,25.22
2019-05-31,7.58,25.23
2019-06-01,8.27,24.84
2019-06-02,3.97,24.79
2019-06-03,0.96,25.34
2019-06-04,7.79,25.19
2019-06-05,4.13,24.68
2019-06-06,5.59,24.49
2019-06-07,7.62,24.78
2019-06-08,4.07,24.71
2019-06-09,72.45,25.06
2019-06-10,19.3,24.82
2019-06-11,1.14,24.5
2019-06-12,4.19,23.69
2019-06-13,4.38,25.17
2019-06-14,4.92,24.99
2019-06-15,3.08,25.56
2019-06-16,2.4,25.72
2019-06-17,6.19,26.06
2019-06-18,0.79,25.95
2019-06-19,1.14,26.08
2019-06-20,4.29,25.0
2019-06-21,5.9,25.04
2019-06-22,25.42,24.84
2019-06-23,2.98,24.87
2019-06-24,7.91,23.82
2019-06-25,11.78,23.86
2019-06-26,23.73,24.6
2019-06-27,15.67,24.59
2019-06-28,20.79,24.34
2019-06-29,4.02,24.66
2019-06-30,5.74,25.35
2019-07-01,9.53,25.35
2019-07-02,3.24,25.24
2019-07-03,4.47,25.73
2019-07-04,10.75,24.18
2019-07-05,1.35,24.16
2019-07-06,1.2,25.77
2019-07-07,3.3,25.26
2019-07-08,13.46,24.07
2019-07-09,5.02,23.57
2019-07-10,5.56,24.09
2019-07-11,30.63,23.49
2019-07-12,4.72,23.42
2019-07-13,1.26,24.1
2019-07-14,3.86,25.06
2019-07-15,7.19,24.13
2019-07-16,12.74,24.53
2019-07-17,1.35,24.88
2019-07-18,6.36,23.91
2019-07-19,13.89,23.31
2019-07-20,9.96,23.91
2019-07-21,1.84,24.45
2019-07-22,18.61,23.89
2019-07-23,9.09,24.34
2019-07-24,6.39,24.42
2019-07-25,13.88,24.88
2019-07-26,19.33,24.0
2019-07-27,6.87,24.29
2019-07-28,10.35,23.92
2019-07-29,10.84,23.56
2019-07-30,1.49,24.33
2019-07-31,1.49,24.8
2019-08-01,9.84,24.23
2019-08-02,14.18,23.48
2019-08-03,3.92,23.14
2019-08-04,1.24,23.95
2019-08-05,4.1,23.44
2019-08-06,4.58,23.98
2019-08-07,4.65,24.31
2019-08-08,27.2,23.25
2019-08-09,2.21,23.97
2019-08-10,1.34,23.95
2019-08-11,1.37,24.39
2019-08-12,2.35,24.05
2019-08-13,3.72,24.38
2019-08-14,0.66,24.57
2019-08-15,0.46,24.31
2019-08-16,0.82,24.2
2019-08-17,1.73,24.42
2019-08-18,1.44,24.1
2019-08-19,9.73,23.39
2019-08-20,4.08,24.24
2019-08-21,5.55,24.21
2019-08-22,12.37,23.91
2019-08-23,14.0,23.78
2019-08-24,1.59,23.78
2019-08-25,1.44,23.71
2019-08-26,2.83,24.06
2019-08-27,3.23,24.13
2019-08-28,6.23,23.26
2019-08-29,3.57,24.66
2019-08-30,3.97,24.35
2019-08-31,11.53,25.09
2019-09-01,62.06,23.65
2019-09-02,7.74,24.44
2019-09-03,2.9,25.41
2019-09-04,19.88,24.27
2019-09-05,8.95,24.75
2019-09-06,6.61,23.75
2019-09-07,4.2,24.14
2019-09-08,4.08,24.34
2019-09-09,11.12,24.39
2019-09-10,9.19,24.72
2019-09-11,17.81,23.78
2019-09-12,3.24,24.29
2019-09-13,5.34,24.2
2019-09-14,6.28,24.56
2019-09-15,15.84,24.28
2019-09-16,15.95,24.97
2019-09-17,23.53,24.67
2019-09-18,30.63,24.82
2019-09-19,14.22,24.6
2019-09-20,13.2,25.18
2019-09-21,4.64,25.13
2019-09-22,8.2,24.68
2019-09-23,6.25,24.95
2019-09-24,4.42,24.79
2019-09-25,8.87,24.65
2019-09-26,8.08,24.62
2019-09-27,76.86,23.84
2019-09-28,7.32,24.33
2019-09-29,0.91,24.47
2019-09-30,56.87,23.36
2019-10-01,39.05,24.29
2019-10-02,17.07,23.72
2019-10-03,21.53,24.01
2019-10-04,15.24,23.46
2019-10-05,7.63,23.88
2019-10-06,0.65,24.61
2019-10-07,114.07,24.01
2019-10-08,17.75,23.38
2019-10-09,4.5,24.3
2019-10-10,6.73,24.32
2019-10-11,11.6,24.2
2019-10-12,57.24,24.15
2019-10-13,8.29,24.16
2019-10-14,1.65,25.68
2019-10-15,7.63,24.57
2019-10-16,30.84,23.52
2019-10-17,12.45,24.6
2019-10-18,13.2,24.35
2019-10-19,13.63,23.94
2019-10-20,1.5,23.46
2019-10-21,0.01,23.73
2019-10-22,1.09,25.33
2019-10-23,6.53,25.13
2019-10-24,16.44,24.62
2019-10-25,3.35,24.97
2019-10-26,22.92,24.23
2019-10-27,17.95,24.46
2019-10-28,14.99,23.91
2019-10-29,9.1,24.03
2019-10-30,5.74,24.54
2019-10-31,2.27,24.92
2019-11-01,1.56,25.18
2019-11-02,13.79,23.63
2019-11-03,5.25,24.45
2019-11-04,0.33,26.28
2019-11-05,1.81,25.88
2019-11-06,1.14,26.58
2019-11-07,0.31,26.17
2019-11-08,0.2,26.21
2019-11-09,0.14,26.6
2019-11-10,0.39,25.13
2019-11-11,0.86,25.37
2019-11-12,9.34,25.09
2019-11-13,7.58,25.18
2019-11-14,1.53,25.18
2019-11-15,0.41,25.79
2019-11-16,0.68,26.38
2019-11-17,1.14,25.7
2019-11-18,1.08,25.49
2019-11-19,2.16,26.22
2019-11-20,1.41,26.39
2019-11-21,3.98,25.25
2019-11-22,0.61,25.67
2019-11-23,0.25,25.25
2019-11-24,0.27,26.08
2019-11-25,0.12,26.29
2019-11-26,0.14,26.32
2019-11-27,1.01,25.79
2019-11-28,1.33,25.58
2019-11-29,0.19,24.89
2019-11-30,0.05,24.41
2019-12-01,0.43,24.68
2019-12-02,2.9,25.03
2019-12-03,0.17,25.65
2019-12-04,0.4,25.99
2019-12-05,12.72,24.81
2019-12-06,9.25,24.96
2019-12-07,0.06,24.65
2019-12-08,1.46,25.24
2019-12-09,1.06,25.35
2019-12-10,0.72,24.52
2019-12-11,0.25,25.11
2019-12-12,2.89,25.14
2019-12-13,0.32,24.01
2019-12-14,0.06,24.61
2019-12-15,0.0,23.89
2019-12-16,0.0,23.79
2019-12-17,0.0,24.98
2019-12-18,0.0,26.1
2019-12-19,0.02,24.17
2019-12-20,0.0,24.21
2019-12-21,0.15,24.22
2019-12-22,0.0,22.75
2019-12-23,0.0,21.65
2019-12-24,0.0,22.41
2019-12-25,0.0,23.69
2019-12-26,0.0,23.43
2019-12-27,0.0,23.25
2019-12-28,0.0,23.08
2019-12-29,0.0,21.32
2019-12-30,0.0,21.11
2019-12-31,0.0,21.59
2020-01-01,0.0,20.74
2020-01-02,0.0,19.44
2020-01-03,0.0,19.41
2020-01-04,0.0,20.31
2020-01-05,0.0,21.69
2020-01-06,0.0,24.04
2020-01-07,0.0,23.82
2020-01-08,0.0,24.63
2020-01-09,0.0,23.5
2020-01-10,0.0,23.61
2020-01-11,0.16,24.4
2020-01-12,0.11,25.83
2020-01-13,0.04,26.32
2020-01-14,0.04,25.78
2020-01-15,0.01,25.25
2020-01-16,0.0,23.77
2020-01-17,0.0,23.31
2020-01-18,0.0,22.66
2020-01-19,0.0,22.77
2020-01-20,0.0,23.96
2020-01-21,0.0,24.66
2020-01-22,0.0,24.16
2020-01-23,0.0,22.85
2020-01-24,0.0,20.83
2020-01-25,0.0,19.96
2020-01-26,0.0,21.05
2020-01-27,0.0,22.88
2020-01-28,0.0,23.84
2020-01-29,0.0,23.1
2020-01-30,0.0,22.3
2020-01-31,0.0,23.15
2020-02-01,0.0,23.01
2020-02-02,0.0,22.5
2020-02-03,0.0,23.01
2020-02-04,0.0,24.06
2020-02-05,0.0,23.39
2020-02-06,0.0,23.7
2020-02-07,0.0,23.79
2020-02-08,0.0,24.25
2020-02-09,0.0,25.1
2020-02-10,0.0,24.5
2020-02-11,0.0,24.37
2020-02-12,0.0,21.02
2020-02-13,0.0,22.61
2020-02-14,0.0,23.61
2020-02-15,0.0,24.66
2020-02-16,0.0,26.09
2020-02-17,0.0,26.1
2020-02-18,0.0,26.15
2020-02-19,0.0,26.22
2020-02-20,0.0,27.08
2020-02-21,0.0,26.21
2020-02-22,0.0,27.27
2020-02-23,0.0,26.68
2020-02-24,0.0,25.82
2020-02-25,0.02,25.78
2020-02-26,0.02,25.94
2020-02-27,0.06,26.51
2020-02-28,0.13,26.43
2020-02-29,0.0,27.0
2020-03-01,0.07,27.07
2020-03-02,1.6,27.01
2020-03-03,2.26,27.52
2020-03-04,0.97,26.25
2020-03-05,0.39,26.47
2020-03-06,1.2,25.98
2020-03-07,0.36,27.09
2020-03-08,0.87,27.33
2020-03-09,2.39,27.45
2020-03-10,19.41,26.93
2020-03-11,14.83,25.89
2020-03-12,0.21,26.38
2020-03-13,1.41,26.98
2020-03-14,0.75,27.14
2020-03-15,0.32,26.89
2020-03-16,0.85,27.19
2020-03-17,0.32,26.96
2020-03-18,0.26,27.41
2020-03-19,0.64,26.9
2020-03-20,0.42,26.69
2020-03-21,0.53,26.22
2020-03-22,1.34,25.9
2020-03-23,6.69,25.71
2020-03-24,6.71,24.92
2020-03-25,2.4,24.96
2020-03-26,4.14,25.73
2020-03-27,1.6,25.39
2020-03-28,0.71,25.97
2020-03-29,0.64,26.19
2020-03-30,1.32,26.13
2020-03-31,1.02,26.09
2020-04-01,5.69,25.5
2020-04-02,5.48,25.8
2020-04-03,3.43,25.69
2020-04-04,6.76,25.43
2020-04-05,6.05,26.16
2020-04-06,11.57,25.56
2020-04-07,7.38,26.15
2020-04-08,5.82,25.31
2020-04-09,12.13,25.43
2020-04-10,20.23,23.45
2020-04-11,0.02,24.49
2020-04-12,0.1,26.21
2020-04-13,0.25,26.62
2020-04-14,0.21,27.27
2020-04-15,0.32,27.54
2020-04-16,1.21,27.84
2020-04-17,1.03,27.36
2020-04-18,1.55,26.94
2020-04-19,3.2,25.7
2020-04-20,0.13,25.81
2020-04-21,3.68,26.28
2020-04-22,14.24,25.57
2020-04-23,7.86,25.86
2020-04-24,5.2,25.8
2020-04-25,10.38,25.25
2020-04-26,7.7,24.88
2020-04-27,3.29,25.79
2020-04-28,1.4,26.09
2020-04-29,4.6,25.61
2020-04-30,3.04,25.34
2020-05-01,2.39,25.99
2020-05-02,3.64,26.01
2020-05-03,5.79,25.68
2020-05-04,2.25,26.44
2020-05-05,3.51,26.96
2020-05-06,2.17,27.02
2020-05-07,3.94,27.05
2020-05-08,3.77,26.74
2020-05-09,5.35,26.7
2020-05-10,8.21,26.03
2020-05-11,1.24,25.01
2020-05-12,0.42,25.52
2020-05-13,0.72,26.04
2020-05-14,0.54,26.19
2020-05-15,2.08,25.87
2020-05-16,8.8,25.57
2020-05-17,3.32,25.88
2020-05-18,10.43,26.08
2020-05-19,15.95,25.62
2020-05-20,4.84,25.52
2020-05-21,11.47,25.54
2020-05-22,7.31,25.25
2020-05-23,1.16,25.26
2020-05-24,10.79,25.91
2020-05-25,5.9,25.09
2020-05-26,33.09,25.09
2020-05-27,5.13,25.79
2020-05-28,3.06,26.07
2020-05-29,2.82,26.06
2020-05-30,15.2,24.28
2020-05-31,4.83,24.86
2020-06-01,2.73,25.25
2020-06-02,2.76,25.1
2020-06-03,1.19,25.56
2020-06-04,2.62,24.78
2020-06-05,17.99,25.35
2020-06-06,26.54,25.4
2020-06-07,49.03,24.59
2020-06-08,16.7,25.19
2020-06-09,40.12,23.89
2020-06-10,1.98,24.29
2020-06-11,1.01,24.38
2020-06-12,5.86,23.95
2020-06-13,4.57,25.11
2020-06-14,6.42,24.71
2020-06-15,2.22,25.96
2020-06-16,3.35,25.04
2020-06-17,18.92,25.11
2020-06-18,26.11,24.42
2020-06-19,0.32,23.06
2020-06-20,5.12,24.34
2020-06-21,2.57,24.9
2020-06-22,4.63,24.54
2020-06-23,1.48,24.7
2020-06-24,2.27,25.3
2020-06-25,8.26,25.38
2020-06-26,7.4,24.76
2020-06-27,17.72,24.17
2020-06-28,12.85,24.2
2020-06-29,12.74,24.16
2020-06-30,7.28,22.87
2020-07-01,10.95,24.09
2020-07-02,2.76,25.19
2020-07-03,4.67,24.95
2020-07-04,11.08,23.77
2020-07-05,4.51,23.99
2020-07-06,0.71,24.69
2020-07-07,3.47,23.72
2020-07-08,2.35,23.86
2020-07-09,5.02,23.95
2020-07-10,17.31,24.1
2020-07-11,22.73,22.97
2020-07-12,7.72,24.17
2020-07-13,7.88,24.15
2020-07-14,5.04,23.58
2020-07-15,10.4,23.23
2020-07-16,13.61,23.08
2020-07-17,6.52,23.13
2020-07-18,3.96,22.87
2020-07-19,8.49,23.5
2020-07-20,3.54,23.47
2020-07-21,6.07,24.16
2020-07-22,4.03,23.84
2020-07-23,7.88,23.53
2020-07-24,5.46,23.96
2020-07-25,2.96,23.67
2020-07-26,3.28,23.86
2020-07-27,2.75,23.73
2020-07-28,1.59,23.37
2020-07-29,0.6,23.77
2020-07-30,4.61,23.43
2020-07-31,8.72,22.94
2020-08-01,1.88,23.81
2020-08-02,1.55,23.61
2020-08-03,2.91,22.72
2020-08-04,0.45,22.97
2020-08-05,1.2,23.11
2020-08-06,2.15,22.22
2020-08-07,1.92,22.02
2020-08-08,0.31,22.45
2020-08-09,0.91,22.9
2020-08-10,2.62,22.96
2020-08-11,1.13,22.51
2020-08-12,0.3,22.94
2020-08-13,0.61,24.21
2020-08-14,2.15,22.54
2020-08-15,0.48,23.87
2020-08-16,0.14,24.06
2020-08-17,0.86,24.95
2020-08-18,0.77,23.99
2020-08-19,2.09,24.66
2020-08-20,2.77,23.45
2020-08-21,8.33,23.56
2020-08-22,1.74,24.16
2020-08-23,0.74,23.18
2020-08-24,0.53,22.64
2020-08-25,0.83,23.39
2020-08-26,0.3,23.8
2020-08-27,1.07,23.85
2020-08-28,2.97,23.43
2020-08-29,2.63,23.38
2020-08-30,2.92,23.61
2020-08-31,6.84,24.36
2020-09-01,18.57,23.03
2020-09-02,9.66,23.8
2020-09-03,1.38,24.75
2020-09-04,3.84,24.13
2020-09-05,15.11,23.36
2020-09-06,3.31,23.22
2020-09-07,0.82,24.48
2020-09-08,7.53,24.98
2020-09-09,31.01,23.39
2020-09-10,3.88,24.17
2020-09-11,5.48,24.3
2020-09-12,9.91,24.57
2020-09-13,20.44,24.05
2020-09-14,4.94,24.54
2020-09-15,13.68,24.7
2020-09-16,31.23,23.29
2020-09-17,3.91,23.95
2020-09-18,6.81,24.89
2020-09-19,21.57,25.32
2020-09-20,11.65,23.15
2020-09-21,13.53,24.08
2020-09-22,15.26,23.99
2020-09-23,11.24,24.79
2020-09-24,9.01,24.21
2020-09-25,4.83,24.18
2020-09-26,7.66,23.52
2020-09-27,4.75,23.53
2020-09-28,2.14,24.59
2020-09-29,9.1,23.8
2020-09-30,8.66,23.28
2020-10-01,2.37,24.25
2020-10-02,4.68,24.87
2020-10-03,19.43,24.91
2020-10-04,8.88,25.2
2020-10-05,10.97,25.16
2020-10-06,22.4,23.95
2020-10-07,2.68,24.17
2020-10-08,16.19,24.37
2020-10-09,16.21,22.05
2020-10-10,28.24,24.02
2020-10-11,6.76,24.28
2020-10-12,4.33,25.23
2020-10-13,8.74,25.25
2020-10-14,12.86,23.9
2020-10-15,5.25,25.01
2020-10-16,3.48,25.08
2020-10-17,2.04,24.88
2020-10-18,1.69,25.28
2020-10-19,8.14,25.06
2020-10-20,6.26,25.16
2020-10-21,2.33,25.06
2020-10-22,1.43,25.88
2020-10-23,0.57,25.97
2020-10-24,0.93,25.54
2020-10-25,0.14,25.82
2020-10-26,0.81,26.0
2020-10-27,0.49,25.83
2020-10-28,0.14,26.21
2020-10-29,0.12,25.51
2020-10-30,0.05,25.76
2020-10-31,0.05,25.92
2020-11-01,0.04,25.02
2020-11-02,0.0,24.53
2020-11-03,0.0,25.14
2020-11-04,0.06,25.18
2020-11-05,0.0,25.13
2020-11-06,0.0,25.38
2020-11-07,1.57,25.05
2020-11-08,2.72,25.18
2020-11-09,5.35,25.28
2020-11-10,0.98,25.15
2020-11-11,0.97,25.12
2020-11-12,0.53,24.53
2020-11-13,0.07,23.58
2020-11-14,0.08,24.22
2020-11-15,0.08,25.26
2020-11-16,0.14,24.3
2020-11-17,0.0,24.75
2020-11-18,0.0,24.7
2020-11-19,0.0,23.77
2020-11-20,0.0,25.04
2020-11-21,0.0,25.88
2020-11-22,0.15,25.68
2020-11-23,0.09,26.22
2020-11-24,0.39,26.92
2020-11-25,0.28,26.8
2020-11-26,1.23,26.12
2020-11-27,1.34,25.64
2020-11-28,0.86,26.0
2020-11-29,0.12,25.65
2020-11-30,0.05,25.29
2020-12-01,0.02,24.87
2020-12-02,0.0,25.23
2020-12-03,0.0,24.78
2020-12-04,0.0,25.2
2020-12-05,0.0,25.14
2020-12-06,0.0,26.44
2020-12-07,0.07,24.8
2020-12-08,0.02,25.15
2020-12-09,0.0,25.05
2020-12-10,0.01,25.09
2020-12-11,0.01,25.16
2020-12-12,0.56,24.83
2020-12-13,0.41,25.35
2020-12-14,0.77,25.8
2020-12-15,0.55,25.89
2020-12-16,0.43,26.28
2020-12-17,0.36,25.77
2020-12-18,0.43,24.86
2020-12-19,0.27,25.46
2020-12-20,0.64,24.94
2020-12-21,0.82,24.98
2020-12-22,0.13,25.31
2020-12-23,0.1,25.01
2020-12-24,0.24,26.33
2020-12-25,0.01,24.33
2020-12-26,0.0,23.36
2020-12-27,0.0,23.81
2020-12-28,0.0,24.38
2020-12-29,0.0,24.64
2020-12-30,0.0,25.42
2020-12-31,0.0,25.58
2021-01-01,0.15,25.11
2021-01-02,0.37,25.08
2021-01-03,0.91,26.18
2021-01-04,0.18,26.5
2021-01-05,0.48,26.16
2021-01-06,0.16,25.49
2021-01-07,0.11,25.66
2021-01-08,0.07,25.37
2021-01-09,0.05,25.62
2021-01-10,0.07,25.55
2021-01-11,0.0,26.0
2021-01-12,0.0,25.67
2021-01-13,0.0,24.0
2021-01-14,0.0,24.69
2021-01-15,0.0,24.2
2021-01-16,0.02,23.86
2021-01-17,0.02,25.13
2021-01-18,0.01,25.9
2021-01-19,0.01,24.44
2021-01-20,0.0,23.57
2021-01-21,0.0,23.28
2021-01-22,0.0,23.63
2021-01-23,0.0,23.46
2021-01-24,0.0,23.82
2021-01-25,0.0,24.88
2021-01-26,0.0,25.18
2021-01-27,0.01,25.16
2021-01-28,0.01,24.5
2021-01-29,0.01,26.03
2021-01-30,0.0,25.63
2021-01-31,0.26,25.61
2021-02-01,0.18,26.61
2021-02-02,0.22,26.49
2021-02-03,0.44,26.76
2021-02-04,0.07,25.82
2021-02-05,0.0,25.51
2021-02-06,0.0,26.67
2021-02-07,0.0,26.83
2021-02-08,0.0,27.0
2021-02-09,0.0,27.5
2021-02-10,0.03,27.95
2021-02-11,0.09,28.1
2021-02-12,0.06,26.97
2021-02-13,0.04,27.89
2021-02-14,0.16,28.04
2021-02-15,1.04,28.2
2021-02-16,0.34,28.16
2021-02-17,0.08,25.59
2021-02-18,0.0,25.04
2021-02-19,0.0,22.96
2021-02-20,0.0,24.66
2021-02-21,0.0,25.79
2021-02-22,0.0,25.7
2021-02-23,0.06,26.16
2021-02-24,0.16,26.77
2021-02-25,0.0,26.56
2021-02-26,0.01,27.12
2021-02-27,0.01,26.46
2021-02-28,0.01,27.4
2021-03-01,0.01,28.23
2021-03-02,0.0,28.01
2021-03-03,0.0,28.19
2021-03-04,0.0,27.96
2021-03-05,0.0,28.1
2021-03-06,0.0,27.83
2021-03-07,0.67,28.15
2021-03-08,2.82,27.15
2021-03-09,8.02,26.5
2021-03-10,6.3,26.08
2021-03-11,1.44,26.47
2021-03-12,0.55,26.26
2021-03-13,2.44,25.87
2021-03-14,0.49,25.26
2021-03-15,0.19,25.64
2021-03-16,0.19,25.86
2021-03-17,5.4,24.89
2021-03-18,0.4,24.99
2021-03-19,0.54,24.94
2021-03-20,5.5,25.62
2021-03-21,0.65,26.19
2021-03-22,25.54,25.59
2021-03-23,0.45,25.49
2021-03-24,1.93,24.87
2021-03-25,17.98,25.31
2021-03-26,3.73,26.7
2021-03-27,0.24,26.74
2021-03-28,0.13,27.09
2021-03-29,0.1,27.03
2021-03-30,0.1,27.62
2021-03-31,0.09,27.6
2021-04-01,0.03,27.86
2021-04-02,0.02,28.05
2021-04-03,0.04,26.88
2021-04-04,0.02,28.22
2021-04-05,0.05,27.75
2021-04-06,2.15,27.69
2021-04-07,1.15,26.77
2021-04-08,1.48,27.1
2021-04-09,1.57,26.03
2021-04-10,2.73,26.87
2021-04-11,32.09,25.58
2021-04-12,12.88,25.03
2021-04-13,12.21,26.06
2021-04-14,16.26,25.65
2021-04-15,14.31,24.92
2021-04-16,3.24,25.03
2021-04-17,6.14,24.96
2021-04-18,1.97,24.57
2021-04-19,0.61,25.53
2021-04-20,3.99,26.09
2021-04-21,4.5,25.51
2021-04-22,0.4,26.01
2021-04-23,3.0,25.47
2021-04-24,3.03,25.39
2021-04-25,2.75,25.72
2021-04-26,1.7,25.96
2021-04-27,2.51,26.05
2021-04-28,1.07,26.62
2021-04-29,0.36,26.76
2021-04-30,3.25,26.89
2021-05-01,1.69,26.66
2021-05-02,0.78,26.38
2021-05-03,5.12,26.11
2021-05-04,3.09,25.91
2021-05-05,4.47,25.95
2021-05-06,6.39,25.13
2021-05-07,1.19,25.24
2021-05-08,8.74,25.0
2021-05-09,0.32,23.67
2021-05-10,1.07,25.41
2021-05-11,2.43,25.98
2021-05-12,4.6,25.73
2021-05-13,5.68,25.84
2021-05-14,4.59,25.69
2021-05-15,5.96,25.51
2021-05-16,5.45,25.64
2021-05-17,7.07,26.08
2021-05-18,6.49,26.02
2021-05-19,1.27,26.43
2021-05-20,1.52,25.43
2021-05-21,3.62,25.82
2021-05-22,2.09,24.97
2021-05-23,2.34,26.84
2021-05-24,5.15,26.71
2021-05-25,6.27,25.82
2021-05-26,4.5,25.98
2021-05-27,8.17,25.9
2021-05-28,3.35,26.04
2021-05-29,5.91,26.09
2021-05-30,8.16,26.02
2021-05-31,23.88,25.49
2021-06-01,14.75,25.33
2021-06-02,19.51,25.62
2021-06-03,20.42,25.9
2021-06-04,29.93,25.0
2021-06-05,9.21,25.22
2021-06-06,6.46,24.81
2021-06-07,2.77,25.67
2021-06-08,11.9,26.01
2021-06-09,6.44,24.38
2021-06-10,5.11,26.06
2021-06-11,12.75,25.49
2021-06-12,9.97,24.42
2021-06-13,3.56,25.82
2021-06-14,13.41,26.07
2021-06-15,8.68,25.08
2021-06-16,7.01,25.04
2021-06-17,5.45,24.24
2021-06-18,4.88,24.88
2021-06-19,9.85,25.29
2021-06-20,13.44,24.07
2021-06-21,32.27,24.24
2021-06-22,6.56,24.27
2021-06-23,4.11,24.08
2021-06-24,4.37,24.71
2021-06-25,14.1,24.66
2021-06-26,7.87,25.24
2021-06-27,5.83,23.89
2021-06-28,5.8,23.83
2021-06-29,6.84,23.0
2021-06-30,6.21,24.41
2021-07-01,2.7,24.41
2021-07-02,4.86,24.33
2021-07-03,9.75,23.98
2021-07-04,11.29,23.76
2021-07-05,4.3,24.05
2021-07-06,2.04,23.95
2021-07-07,4.01,24.48
2021-07-08,1.84,24.27
2021-07-09,4.27,24.04
2021-07-10,1.15,23.95
2021-07-11,1.07,24.54
2021-07-12,1.06,24.44
2021-07-13,1.31,24.34
2021-07-14,2.08,24.57
2021-07-15,18.65,25.03
2021-07-16,53.27,24.28
2021-07-17,72.31,23.99
2021-07-18,3.93,24.15
2021-07-19,12.2,24.18
2021-07-20,1.62,24.74
2021-07-21,2.09,24.53
2021-07-22,0.98,24.08
2021-07-23,2.27,23.67
2021-07-24,1.67,23.75
2021-07-25,5.12,23.89
2021-07-26,11.46,22.97
2021-07-27,6.43,23.28
2021-07-28,1.59,23.74
2021-07-29,4.18,23.88
2021-07-30,4.77,23.8
2021-07-31,8.17,24.41
2021-08-01,0.62,23.7
2021-08-02,3.27,23.48
2021-08-03,3.41,23.87
2021-08-04,17.37,24.21
2021-08-05,11.96,23.61
2021-08-06,2.78,23.89
2021-08-07,32.65,23.42
2021-08-08,31.69,22.72
2021-08-09,7.85,23.9
2021-08-10,5.14,23.76
2021-08-11,13.01,23.85
2021-08-12,5.39,23.78
2021-08-13,10.39,23.8
2021-08-14,12.2,24.38
2021-08-15,13.42,23.43
2021-08-16,29.26,23.06
2021-08-17,18.61,23.76
2021-08-18,9.86,23.63
2021-08-19,18.8,23.38
2021-08-20,32.56,23.65
2021-08-21,23.82,23.59
2021-08-22,4.39,23.56
2021-08-23,12.07,23.41
2021-08-24,9.19,24.54
2021-08-25,6.81,24.75
2021-08-26,13.96,23.7
2021-08-27,7.38,24.07
2021-08-28,6.55,24.58
2021-08-29,60.31,24.62
2021-08-30,35.11,23.79
2021-08-31,9.67,25.02
2021-09-01,9.28,25.05
2021-09-02,19.39,24.19
2021-09-03,11.58,24.18
2021-09-04,14.18,23.42
2021-09-05,16.12,23.95
2021-09-06,12.78,23.53
2021-09-07,5.4,25.06
2021-09-08,17.24,24.11
2021-09-09,7.64,24.8
2021-09-10,31.98,24.7
2021-09-11,4.45,24.36
2021-09-12,7.13,24.36
2021-09-13,13.23,23.53
2021-09-14,6.74,24.35
2021-09-15,3.7,23.62
2021-09-16,4.64,24.41
2021-09-17,1.11,24.46
2021-09-18,18.39,24.22
2021-09-19,8.7,24.8
2021-09-20,15.78,24.46
2021-09-21,52.51,23.6
2021-09-22,1.55,23.56
2021-09-23,1.28,24.57
2021-09-24,6.67,24.21
2021-09-25,15.15,24.31
2021-09-26,2.23,24.23
2021-09-27,7.0,24.14
2021-09-28,8.81,24.45
2021-09-29,5.26,24.54
2021-09-30,17.07,24.71
2021-10-01,14.68,23.84
2021-10-02,8.35,24.89
2021-10-03,35.01,24.42
2021-10-04,13.09,25.8
2021-10-05,19.41,25.91
2021-10-06,48.14,24.46
2021-10-07,13.21,25.67
2021-10-08,5.37,26.14
2021-10-09,9.92,25.15
2021-10-10,7.53,25.2
2021-10-11,5.43,25.39
2021-10-12,6.47,25.31
2021-10-13,3.69,25.25
2021-10-14,2.44,24.93
2021-10-15,2.32,25.24
2021-10-16,3.87,25.41
2021-10-17,12.77,25.26
2021-10-18,2.25,23.89
2021-10-19,2.91,24.4
2021-10-20,4.37,24.3
2021-10-21,1.89,25.5
2021-10-22,5.2,25.3
2021-10-23,11.12,23.91
2021-10-24,0.19,25.78
2021-10-25,2.21,26.0
2021-10-26,4.79,25.35
2021-10-27,3.99,25.16
2021-10-28,16.79,24.74
2021-10-29,2.58,26.03
2021-10-30,2.96,25.42
2021-10-31,3.19,25.58
2021-11-01,7.88,25.46
2021-11-02,2.08,24.51
2021-11-03,0.49,25.14
2021-11-04,1.55,25.0
2021-11-05,1.28,25.0
2021-11-06,0.44,25.46
2021-11-07,19.92,24.63
2021-11-08,12.62,25.51
2021-11-09,18.74,25.79
2021-11-10,31.37,26.09
2021-11-11,27.66,25.2
2021-11-12,25.91,24.87
2021-11-13,14.58,25.74
2021-11-14,18.4,25.55
2021-11-15,57.11,25.86
2021-11-16,64.19,25.12
2021-11-17,2.15,25.58
2021-11-18,1.24,25.75
2021-11-19,0.67,25.81
2021-11-20,0.69,24.87
2021-11-21,0.69,25.56
2021-11-22,1.67,25.62
2021-11-23,0.71,25.17
2021-11-24,0.6,25.88
2021-11-25,0.99,25.7
2021-11-26,1.05,25.38
2021-11-27,0.02,24.4
2021-11-28,0.02,24.86
2021-11-29,0.03,24.86
2021-11-30,0.02,25.87
2021-12-01,0.01,24.53
2021-12-02,2.83,24.97
2021-12-03,1.29,25.09
2021-12-04,0.43,25.01
2021-12-05,2.51,23.28
2021-12-06,0.68,24.62
2021-12-07,0.04,25.17
2021-12-08,0.03,24.2
2021-12-09,0.0,23.61
2021-12-10,0.0,24.2
2021-12-11,0.0,24.12
2021-12-12,4.68,24.54
2021-12-13,56.33,24.91
2021-12-14,61.77,25.46
2021-12-15,31.57,25.03
2021-12-16,1.04,21.8
2021-12-17,0.0,22.78
2021-12-18,0.0,21.56
2021-12-19,0.0,20.73
2021-12-20,0.0,20.79
2021-12-21,0.0,21.92
2021-12-22,0.0,22.54
2021-12-23,0.0,22.23
2021-12-24,0.0,23.68
2021-12-25,0.01,24.3
2021-12-26,0.0,25.44
2021-12-27,3.43,24.83
2021-12-28,14.22,22.93
2021-12-29,6.13,21.78
2021-12-30,0.02,22.11
2021-12-31,0.62,22.98
2022-01-01,3.85,24.49
2022-01-02,3.21,21.73
2022-01-03,1.26,20.65
2022-01-04,0.4,22.12
2022-01-05,0.0,22.23
2022-01-06,0.0,23.79
2022-01-07,0.12,25.34
2022-01-08,4.27,24.66
2022-01-09,0.53,23.6
2022-01-10,19.15,23.54
2022-01-11,0.82,25.16
2022-01-12,0.95,24.95
2022-01-13,2.27,23.7
2022-01-14,0.6,24.75
2022-01-15,0.4,24.46
2022-01-16,0.04,24.25
2022-01-17,0.09,23.62
2022-01-18,0.75,22.61
2022-01-19,0.0,20.67
2022-01-20,0.0,21.31
2022-01-21,0.0,21.59
2022-01-22,0.0,22.12
2022-01-23,0.0,22.68
2022-01-24,0.2,22.0
2022-01-25,0.0,19.92
2022-01-26,0.0,20.95
2022-01-27,0.09,22.94
2022-01-28,0.0,22.68
2022-01-29,0.03,21.84
2022-01-30,0.0,20.31
2022-01-31,0.0,19.89
2022-02-01,0.0,21.5
2022-02-02,0.0,22.49
2022-02-03,0.0,22.19
2022-02-04,0.0,23.13
2022-02-05,0.0,22.78
2022-02-06,0.0,22.91
2022-02-07,0.0,23.28
2022-02-08,0.0,24.05
2022-02-09,0.0,25.32
2022-02-10,0.82,24.12
2022-02-11,0.82,23.79
2022-02-12,2.0,24.38
2022-02-13,6.51,25.46
2022-02-14,3.17,25.09
2022-02-15,0.0,25.37
2022-02-16,0.0,25.35
2022-02-17,0.0,25.63
2022-02-18,0.0,26.44
2022-02-19,0.0,25.93
2022-02-20,0.0,26.46
2022-02-21,0.0,25.66
2022-02-22,0.0,25.76
2022-02-23,0.0,25.8
2022-02-24,0.0,26.76
2022-02-25,5.16,25.71
2022-02-26,2.9,25.76
2022-02-27,3.96,26.55
2022-02-28,3.14,26.32
2022-03-01,7.52,25.96
2022-03-02,0.78,25.23
2022-03-03,1.03,25.46
2022-03-04,2.25,24.55
2022-03-05,0.44,25.15
2022-03-06,5.05,25.26
2022-03-07,2.1,25.97
2022-03-08,1.6,26.53
2022-03-09,1.45,26.82
2022-03-10,4.84,26.2
2022-03-11,4.57,26.49
2022-03-12,1.56,25.48
2022-03-13,2.12,25.7
2022-03-14,2.14,25.57
2022-03-15,0.51,25.54
2022-03-16,0.43,26.03
2022-03-17,2.15,26.03
2022-03-18,3.34,26.85
2022-03-19,6.24,26.35
2022-03-20,11.35,25.99
2022-03-21,11.12,25.61
2022-03-22,5.14,25.43
2022-03-23,2.06,26.23
2022-03-24,4.38,25.91
2022-03-25,1.95,26.05
2022-03-26,0.59,26.74
2022-03-27,1.41,26.61
2022-03-28,2.32,25.81
2022-03-29,7.13,26.58
2022-03-30,16.5,26.58
2022-03-31,24.47,26.28
2022-04-01,2.42,25.84
2022-04-02,1.77,25.27
2022-04-03,2.59,25.9
2022-04-04,1.18,25.36
2022-04-05,2.73,25.86
2022-04-06,3.95,25.6
2022-04-07,5.8,25.33
2022-04-08,5.99,25.95
2022-04-09,2.48,25.05
2022-04-10,0.92,25.46
2022-04-11,4.39,25.24
2022-04-12,13.33,24.99
2022-04-13,4.26,24.55
2022-04-14,2.5,25.13
2022-04-15,8.42,24.09
2022-04-16,11.8,25.31
2022-04-17,9.6,24.98
2022-04-18,6.26,24.58
2022-04-19,2.03,25.82
2022-04-20,18.99,24.88
2022-04-21,1.87,25.48
2022-04-22,2.53,25.81
2022-04-23,6.13,25.19
2022-04-24,0.77,24.98
2022-04-25,3.6,25.33
2022-04-26,4.5,24.94
2022-04-27,12.08,24.86
2022-04-28,6.82,24.73
2022-04-29,2.65,24.78
2022-04-30,3.84,25.11
2022-05-01,8.85,25.37
2022-05-02,6.07,25.26
2022-05-03,5.15,25.56
2022-05-04,6.0,25.66
2022-05-05,6.02,25.18
2022-05-06,0.66,25.03
2022-05-07,1.52,25.12
2022-05-08,0.89,25.34
2022-05-09,4.99,25.19
2022-05-10,1.34,26.08
2022-05-11,4.27,26.12
2022-05-12,3.02,25.43
2022-05-13,8.79,25.26
2022-05-14,8.12,25.8
2022-05-15,4.43,26.11
2022-05-16,4.01,26.19
2022-05-17,5.26,25.78
2022-05-18,8.27,25.8
2022-05-19,16.41,25.5
2022-05-20,13.88,26.29
2022-05-21,2.89,25.53
2022-05-22,1.63,25.0
2022-05-23,5.06,24.12
2022-05-24,0.15,24.69
2022-05-25,2.26,25.09
2022-05-26,4.79,25.23
2022-05-27,3.15,24.77
2022-05-28,2.08,25.15
2022-05-29,1.38,25.27
2022-05-30,3.89,25.86
2022-05-31,10.9,25.03
2022-06-01,7.84,25.46
2022-06-02,7.04,25.54
2022-06-03,3.74,24.8
2022-06-04,11.08,24.77
2022-06-05,5.09,24.41
2022-06-06,6.38,24.65
2022-06-07,6.77,24.39
2022-06-08,10.81,24.84
2022-06-09,17.61,24.95
2022-06-10,8.46,24.39
2022-06-11,56.42,24.24
2022-06-12,0.82,24.86
2022-06-13,2.04,25.02
2022-06-14,10.13,24.89
2022-06-15,40.76,24.33
2022-06-16,29.52,24.16
2022-06-17,5.32,23.21
2022-06-18,6.01,23.56
2022-06-19,2.14,24.81
2022-06-20,14.75,24.35
2022-06-21,31.94,24.13
2022-06-22,19.79,23.57
2022-06-23,1.91,24.42
2022-06-24,19.16,24.29
2022-06-25,14.19,24.11
2022-06-26,5.24,24.68
2022-06-27,4.12,23.93
2022-06-28,2.83,24.36
2022-06-29,12.83,24.29
2022-06-30,12.37,23.9
2022-07-01,9.29,23.87
2022-07-02,2.06,23.63
2022-07-03,1.86,24.01
2022-07-04,11.28,24.06
2022-07-05,2.89,23.9
2022-07-06,0.2,24.75
2022-07-07,1.8,25.22
2022-07-08,9.91,24.47
2022-07-09,4.45,23.99
2022-07-10,1.37,24.34
2022-07-11,5.02,23.89
2022-07-12,2.84,24.73
2022-07-13,3.53,24.12
2022-07-14,3.62,23.38
2022-07-15,1.39,24.19
2022-07-16,1.61,24.0
2022-07-17,1.85,24.34
2022-07-18,0.89,23.87
2022-07-19,0.67,23.66
2022-07-20,2.54,23.49
2022-07-21,6.61,22.45
2022-07-22,11.47,23.36
2022-07-23,8.89,23.31
2022-07-24,4.55,24.27
2022-07-25,3.59,24.27
2022-07-26,10.62,23.66
2022-07-27,11.92,23.71
2022-07-28,18.86,23.12
2022-07-29,2.42,23.06
2022-07-30,2.2,23.04
2022-07-31,8.55,23.09
2022-08-01,4.27,23.06
2022-08-02,0.62,21.91
2022-08-03,3.41,23.55
2022-08-04,1.24,23.62
2022-08-05,0.11,23.97
2022-08-06,0.12,24.03
2022-08-07,0.23,24.22
2022-08-08,0.32,23.17
2022-08-09,0.9,24.18
2022-08-10,1.65,23.96
2022-08-11,3.44,22.9
2022-08-12,11.47,23.5
2022-08-13,6.17,23.61
2022-08-14,36.99,23.31
2022-08-15,25.53,22.55
2022-08-16,5.76,23.14
2022-08-17,0.69,24.31
2022-08-18,31.03,23.88
2022-08-19,45.74,22.93
2022-08-20,1.64,23.54
2022-08-21,0.22,23.53
2022-08-22,6.86,23.39
2022-08-23,6.55,22.97
2022-08-24,4.09,23.9
2022-08-25,10.71,23.43
2022-08-26,29.29,23.09
2022-08-27,42.82,23.03
2022-08-28,3.7,23.14
2022-08-29,2.35,23.75
2022-08-30,13.83,23.77
2022-08-31,57.33,23.42
2022-09-01,3.19,23.32
2022-09-02,2.79,23.1
2022-09-03,2.45,23.61
2022-09-04,7.91,24.24
2022-09-05,3.96,24.64
2022-09-06,6.95,24.34
2022-09-07,10.55,23.79
2022-09-08,9.3,24.38
2022-09-09,2.34,23.65
2022-09-10,1.7,24.37
2022-09-11,51.43,23.83
2022-09-12,24.8,23.14
2022-09-13,4.13,24.41
2022-09-14,6.64,24.6
2022-09-15,37.52,23.94
2022-09-16,21.8,24.01
2022-09-17,5.36,23.17
2022-09-18,12.14,23.49
2022-09-19,12.28,23.32
2022-09-20,2.82,23.16
2022-09-21,6.92,24.39
2022-09-22,6.78,24.75
2022-09-23,12.46,24.43
2022-09-24,6.92,24.58
2022-09-25,14.68,24.42
2022-09-26,57.89,23.04
2022-09-27,1.63,23.13
2022-09-28,9.13,23.29
2022-09-29,6.59,22.93
2022-09-30,41.88,23.81
2022-10-01,27.39,23.75
2022-10-02,5.85,23.75
2022-10-03,2.5,24.34
2022-10-04,2.59,24.68
2022-10-05,3.02,25.06
2022-10-06,31.79,23.82
2022-10-07,64.37,23.65
2022-10-08,12.69,24.53
2022-10-09,33.11,24.17
2022-10-10,11.67,23.92
2022-10-11,1.97,24.88
2022-10-12,7.35,24.62
2022-10-13,61.24,23.84
2022-10-14,12.49,24.89
2022-10-15,8.04,25.19
2022-10-16,2.51,25.01
2022-10-17,0.51,25.53
2022-10-18,9.39,25.67
2022-10-19,5.83,25.08
2022-10-20,9.64,24.66
2022-10-21,4.45,25.33
2022-10-22,19.34,25.3
2022-10-23,0.79,25.51
2022-10-24,0.54,25.7
2022-10-25,3.2,25.23
2022-10-26,1.37,25.51
2022-10-27,0.65,25.69
2022-10-28,0.24,24.66
2022-10-29,0.52,24.74
2022-10-30,0.04,24.68
2022-10-31,0.09,24.6
2022-11-01,0.42,24.72
2022-11-02,0.21,24.97
2022-11-03,0.06,24.68
2022-11-04,0.43,25.68
2022-11-05,0.49,24.97
2022-11-06,0.15,25.78
2022-11-07,0.42,24.7
2022-11-08,0.43,25.94
2022-11-09,1.85,25.34
2022-11-10,3.98,24.82
2022-11-11,2.29,25.31
2022-11-12,1.44,25.09
2022-11-13,0.35,25.26
2022-11-14,0.09,24.39
2022-11-15,0.03,24.23
2022-11-16,0.04,23.59
2022-11-17,0.08,24.42
2022-11-18,0.05,25.06
2022-11-19,0.08,25.33
2022-11-20,0.07,24.46
2022-11-21,0.12,24.39
2022-11-22,0.0,24.79
2022-11-23,0.0,24.53
2022-11-24,0.0,24.08
2022-11-25,0.0,23.45
2022-11-26,0.0,23.74
2022-11-27,0.73,23.83
2022-11-28,0.8,24.58
2022-11-29,0.31,24.36
2022-11-30,0.76,25.03
2022-12-01,2.07,25.13
2022-12-02,0.01,25.36
2022-12-03,0.04,24.86
2022-12-04,0.01,25.08
2022-12-05,0.05,25.36
2022-12-06,0.02,24.66
2022-12-07,0.0,24.37
2022-12-08,0.0,24.27
2022-12-09,0.0,24.05
2022-12-10,0.0,23.62
2022-12-11,0.0,23.86
2022-12-12,0.03,24.75
2022-12-13,0.05,24.57
2022-12-14,0.02,24.37
2022-12-15,0.07,24.07
2022-12-16,0.03,24.03
2022-12-17,0.0,23.83
2022-12-18,0.0,22.73
2022-12-19,0.0,22.72
2022-12-20,0.0,23.85
2022-12-21,0.0,21.74
2022-12-22,0.0,22.06
2022-12-23,0.0,21.25
2022-12-24,0.0,21.0
2022-12-25,0.0,21.17
2022-12-26,0.0,21.57
2022-12-27,0.0,21.89
2022-12-28,0.0,21.81
2022-12-29,0.0,22.02
2022-12-30,0.0,20.93
2022-12-31,0.0,20.77
2023-01-01,0.0,22.26
2023-01-02,0.0,22.93
2023-01-03,0.0,22.43
2023-01-04,0.0,23.49
2023-01-05,0.0,23.39
2023-01-06,0.0,24.5
2023-01-07,0.0,23.52
2023-01-08,0.0,23.06
2023-01-09,0.0,21.6
2023-01-10,0.0,21.47
2023-01-11,0.0,22.02
2023-01-12,0.0,22.23
2023-01-13,0.0,23.37
2023-01-14,0.0,23.4
2023-01-15,0.0,23.45
2023-01-16,0.0,22.51
2023-01-17,0.0,22.93
2023-01-18,0.0,23.74
2023-01-19,0.0,24.79
2023-01-20,0.01,25.13
2023-01-21,0.07,25.27
2023-01-22,0.12,25.44
2023-01-23,0.14,25.27
2023-01-24,0.04,26.13
2023-01-25,0.12,26.78
2023-01-26,0.08,25.56
2023-01-27,0.22,25.12
2023-01-28,0.43,24.92
2023-01-29,0.18,24.49
2023-01-30,0.29,25.82
2023-01-31,0.0,24.52
2023-02-01,0.0,24.98
2023-02-02,0.01,26.17
2023-02-03,0.0,26.56
2023-02-04,0.0,25.68
2023-02-05,10.65,25.18
2023-02-06,13.74,25.29
2023-02-07,6.84,24.81
2023-02-08,6.16,25.47
2023-02-09,13.92,25.71
2023-02-10,0.01,26.27
2023-02-11,0.01,26.37
2023-02-12,0.0,25.24
2023-02-13,0.0,24.21
2023-02-14,0.0,24.13
2023-02-15,0.0,23.17
2023-02-16,0.0,22.9
2023-02-17,0.0,22.84
2023-02-18,0.0,24.16
2023-02-19,0.0,23.51
2023-02-20,0.0,24.78
2023-02-21,0.01,24.77
2023-02-22,0.56,25.41
2023-02-23,0.86,26.4
2023-02-24,0.96,26.52
2023-02-25,5.81,26.37
2023-02-26,5.85,26.86
2023-02-27,4.76,26.4
2023-02-28,7.22,26.05
2023-03-01,2.34,26.16
2023-03-02,0.48,25.53
2023-03-03,0.78,26.06
2023-03-04,1.0,26.67
2023-03-05,0.51,26.98
2023-03-06,0.7,26.42
2023-03-07,3.36,26.37
2023-03-08,5.89,26.42
2023-03-09,5.56,25.6
2023-03-10,0.96,25.23
2023-03-11,1.0,25.25
2023-03-12,0.38,25.48
2023-03-13,0.24,25.99
2023-03-14,0.54,26.13
2023-03-15,0.76,25.91
2023-03-16,1.31,26.04
2023-03-17,2.47,25.95
2023-03-18,6.97,24.92
2023-03-19,0.54,24.94
2023-03-20,1.08,25.65
2023-03-21,9.16,25.24
2023-03-22,5.27,25.4
2023-03-23,3.75,26.2
2023-03-24,3.75,25.56
2023-03-25,0.26,25.79
2023-03-26,2.82,25.97
2023-03-27,36.14,25.55
2023-03-28,0.07,25.95
2023-03-29,1.5,25.69
2023-03-30,5.69,26.18
2023-03-31,4.72,25.81
2023-04-01,0.05,26.1
2023-04-02,0.13,25.58
2023-04-03,0.1,25.41
2023-04-04,0.02,25.51
2023-04-05,0.06,26.16
2023-04-06,20.28,26.17
2023-04-07,18.88,25.7
2023-04-08,25.13,25.37
2023-04-09,6.51,25.15
2023-04-10,5.01,26.1
2023-04-11,6.22,25.07
2023-04-12,1.78,26.02
2023-04-13,9.17,26.03
2023-04-14,1.85,26.12
2023-04-15,13.1,25.64
2023-04-16,3.79,26.52
2023-04-17,1.9,26.19
2023-04-18,2.52,26.77
2023-04-19,2.37,26.75
2023-04-20,2.77,26.31
2023-04-21,1.79,25.47
2023-04-22,3.02,25.48
2023-04-23,10.52,25.2
2023-04-24,3.13,25.54
2023-04-25,2.84,26.47
2023-04-26,5.54,25.64
2023-04-27,20.2,24.48
2023-04-28,1.32,25.38
2023-04-29,10.99,24.93
2023-04-30,14.3,24.97
2023-05-01,8.94,25.1
2023-05-02,13.42,25.84
2023-05-03,19.79,25.57
2023-05-04,12.72,25.32
2023-05-05,6.14,26.24
2023-05-06,3.79,25.64
2023-05-07,4.07,25.7
2023-05-08,1.84,25.45
2023-05-09,3.15,25.62
2023-05-10,4.83,25.87
2023-05-11,4.04,25.84
2023-05-12,4.13,25.96
2023-05-13,2.4,26.37
2023-05-14,10.14,26.09
2023-05-15,8.79,25.99
2023-05-16,9.68,26.05
2023-05-17,7.53,25.6
2023-05-18,11.91,25.47
2023-05-19,6.01,26.16
2023-05-20,7.92,26.72
2023-05-21,4.71,25.81
2023-05-22,3.83,25.71
2023-05-23,4.49,26.0
2023-05-24,2.59,26.37
2023-05-25,4.54,26.25
2023-05-26,2.0,26.18
2023-05-27,3.1,25.26
2023-05-28,2.97,25.6
2023-05-29,2.91,25.94
2023-05-30,4.2,26.14
2023-05-31,4.95,26.06
2023-06-01,10.64,25.7
2023-06-02,12.39,25.56
2023-06-03,6.61,25.5
2023-06-04,5.3,25.7
2023-06-05,16.54,25.3
2023-06-06,20.16,24.71
2023-06-07,15.75,24.88
2023-06-08,16.88,24.78
2023-06-09,11.13,25.06
2023-06-10,21.53,24.95
2023-06-11,63.14,23.91
2023-06-12,5.22,24.19
2023-06-13,0.73,24.26
2023-06-14,23.38,25.06
2023-06-15,20.76,23.91
2023-06-16,12.46,24.46
2023-06-17,9.11,25.69
2023-06-18,9.96,25.83
2023-06-19,16.47,25.6
2023-06-20,15.35,24.5
2023-06-21,3.3,24.02
2023-06-22,1.74,24.02
2023-06-23,16.13,24.57
2023-06-24,30.52,23.54
2023-06-25,2.77,24.47
2023-06-26,3.0,24.63
2023-06-27,6.58,24.97
2023-06-28,9.52,23.53
2023-06-29,5.18,24.31
2023-06-30,3.31,25.19
2023-07-01,3.23,25.44
2023-07-02,12.53,24.85
2023-07-03,4.98,25.33
2023-07-04,7.62,24.54
2023-07-05,6.34,24.7
2023-07-06,3.32,25.19
2023-07-07,19.62,24.98
2023-07-08,20.72,24.82
2023-07-09,5.77,24.01
2023-07-10,0.21,24.58
2023-07-11,7.68,25.2
2023-07-12,39.32,24.48
2023-07-13,3.33,25.1
2023-07-14,3.72,25.47
2023-07-15,6.32,26.28
2023-07-16,11.46,26.24
2023-07-17,29.17,24.57
2023-07-18,13.7,25.45
2023-07-19,9.43,25.28
2023-07-20,5.53,25.0
2023-07-21,10.61,25.16
2023-07-22,23.19,24.83
2023-07-23,11.49,24.47
2023-07-24,18.24,24.28
2023-07-25,0.83,24.85
2023-07-26,2.63,25.48
2023-07-27,4.19,25.36
2023-07-28,9.74,24.7
2023-07-29,19.63,24.17
2023-07-30,16.36,24.38
2023-07-31,14.56,24.93
2023-08-01,11.61,24.08
2023-08-02,9.38,23.72
2023-08-03,4.68,24.57
2023-08-04,3.78,24.98
2023-08-05,2.45,24.67
2023-08-06,1.6,24.1
2023-08-07,2.55,24.47
2023-08-08,5.18,24.54
2023-08-09,20.96,24.5
2023-08-10,8.87,24.08
2023-08-11,2.28,23.54
2023-08-12,3.24,24.62
2023-08-13,5.37,24.19
2023-08-14,9.56,24.01
2023-08-15,2.45,24.85
2023-08-16,3.86,25.15
2023-08-17,5.52,25.51
2023-08-18,16.61,24.96
2023-08-19,15.57,24.53
2023-08-20,7.23,24.49
2023-08-21,1.96,25.34
2023-08-22,6.3,25.36
2023-08-23,11.6,24.67
2023-08-24,3.71,24.33
2023-08-25,2.06,25.15
2023-08-26,2.21,25.38
2023-08-27,5.19,24.25
2023-08-28,9.98,24.21
2023-08-29,3.1,24.67
2023-08-30,63.62,23.98
2023-08-31,1.25,24.79
2023-09-01,11.41,24.46
2023-09-02,46.0,23.71
2023-09-03,15.3,23.68
2023-09-04,8.64,24.04
2023-09-05,15.01,24.11
2023-09-06,3.1,25.0
2023-09-07,3.16,26.18
2023-09-08,31.99,25.02
2023-09-09,31.39,24.6
2023-09-10,4.11,24.33
2023-09-11,3.46,25.07
2023-09-12,11.08,24.86
2023-09-13,4.83,24.35
2023-09-14,1.92,25.27
2023-09-15,15.01,24.72
2023-09-16,11.71,24.37
2023-09-17,6.54,24.7
2023-09-18,11.79,24.74
2023-09-19,2.18,25.04
2023-09-20,3.53,25.45
2023-09-21,10.39,25.69
2023-09-22,6.61,24.95
2023-09-23,14.89,25.09
2023-09-24,6.22,24.41
2023-09-25,2.03,25.44
2023-09-26,2.85,26.32
2023-09-27,4.16,25.8
2023-09-28,9.74,25.73
2023-09-29,9.08,24.98
2023-09-30,3.4,25.71
2023-10-01,9.22,25.98
2023-10-02,8.4,25.7
2023-10-03,11.98,24.99
2023-10-04,15.82,26.16
2023-10-05,17.66,25.95
2023-10-06,5.86,25.76
2023-10-07,18.58,25.32
2023-10-08,3.59,24.98
2023-10-09,7.6,24.92
2023-10-10,7.46,24.98
2023-10-11,12.44,25.15
2023-10-12,9.07,25.07
2023-10-13,1.25,25.05
2023-10-14,2.28,24.8
2023-10-15,2.41,25.22
2023-10-16,3.81,24.15
2023-10-17,2.59,24.28
2023-10-18,5.17,24.95
2023-10-19,5.86,25.79
2023-10-20,5.26,26.1
2023-10-21,10.49,25.58
2023-10-22,2.99,26.12
2023-10-23,0.06,25.63
2023-10-24,0.03,25.85
2023-10-25,0.07,25.38
2023-10-26,0.05,25.31
2023-10-27,0.03,26.0
2023-10-28,2.23,26.31
2023-10-29,2.54,25.62
2023-10-30,3.05,25.61
2023-10-31,1.59,25.3
2023-11-01,1.75,25.38
2023-11-02,6.55,25.4
2023-11-03,17.37,25.71
2023-11-04,18.36,25.37
2023-11-05,19.38,24.65
2023-11-06,22.05,25.32
2023-11-07,2.62,25.54
2023-11-08,1.32,25.06
2023-11-09,2.11,25.24
2023-11-10,1.8,25.74
2023-11-11,2.44,25.62
2023-11-12,1.68,25.44
2023-11-13,0.28,25.55
2023-11-14,0.51,26.37
2023-11-15,1.1,24.01
2023-11-16,0.31,25.17
2023-11-17,0.0,25.49
2023-11-18,0.0,24.45
2023-11-19,0.0,24.89
2023-11-20,0.0,25.48
2023-11-21,0.0,25.52
2023-11-22,2.01,25.13
2023-11-23,2.69,25.21
2023-11-24,5.67,25.35
2023-11-25,11.8,25.03
2023-11-26,17.51,24.42
2023-11-27,0.02,25.51
2023-11-28,0.1,24.99
2023-11-29,0.12,24.55
2023-11-30,0.11,25.5
2023-12-01,0.07,25.82
2023-12-02,0.07,25.42
2023-12-03,0.04,25.5
2023-12-04,0.04,24.52
2023-12-05,0.05,25.18
2023-12-06,0.1,25.3
2023-12-07,0.0,25.38
2023-12-08,0.0,24.72
2023-12-09,0.0,25.55
2023-12-10,0.0,24.98
2023-12-11,0.0,24.41
2023-12-12,0.0,21.91
2023-12-13,0.0,21.66
2023-12-14,0.0,23.12
2023-12-15,0.0,23.43
2023-12-16,0.0,24.3
2023-12-17,0.0,24.47
2023-12-18,0.0,23.3
2023-12-19,0.0,24.54
2023-12-20,0.0,24.5
2023-12-21,0.0,23.17
2023-12-22,0.0,23.94
2023-12-23,0.0,23.69
2023-12-24,0.0,23.69
2023-12-25,0.0,23.25
2023-12-26,0.0,23.24
2023-12-27,0.0,23.73
2023-12-28,0.0,24.99
2023-12-29,0.0,25.15
2023-12-30,0.0,24.92
2023-12-31,0.0,25.0
2024-01-01,0.0,24.79
2024-01-02,0.0,25.28
2024-01-03,0.0,25.42
2024-01-04,0.0,25.76
2024-01-05,0.0,25.38
2024-01-06,0.06,25.81
2024-01-07,0.07,26.08
2024-01-08,0.07,25.59
2024-01-09,0.09,26.04
2024-01-10,0.1,25.95
2024-01-11,0.0,24.36
2024-01-12,0.0,24.01
2024-01-13,0.0,24.14
2024-01-14,0.0,24.05
2024-01-15,0.0,23.21
2024-01-16,0.0,22.76
2024-01-17,0.0,22.02
2024-01-18,0.0,22.46
2024-01-19,0.0,23.39
2024-01-20,0.0,24.37
2024-01-21,0.0,24.44
2024-01-22,0.04,22.89
2024-01-23,1.05,24.26
2024-01-24,1.17,25.48
2024-01-25,0.01,22.49
2024-01-26,0.0,22.75
2024-01-27,0.0,22.51
2024-01-28,0.0,23.24
2024-01-29,0.0,24.14
2024-01-30,0.0,24.99
2024-01-31,0.0,25.04
2024-02-01,0.0,25.21
2024-02-02,0.0,24.96
2024-02-03,0.0,23.56
2024-02-04,0.0,24.31
2024-02-05,0.0,24.43
2024-02-06,0.0,23.53
2024-02-07,0.0,23.59
2024-02-08,0.0,24.2
2024-02-09,0.0,24.17
2024-02-10,0.0,25.31
2024-02-11,0.01,26.48
2024-02-12,0.01,25.93
2024-02-13,0.03,25.33
2024-02-14,0.04,27.21
2024-02-15,0.23,26.71
2024-02-16,0.39,25.79
2024-02-17,0.25,26.14
2024-02-18,0.2,26.94
2024-02-19,0.56,27.39
2024-02-20,1.81,27.49
2024-02-21,5.6,27.15
2024-02-22,9.01,26.95
2024-02-23,2.07,26.34
2024-02-24,0.05,26.82
2024-02-25,0.0,26.91
2024-02-26,0.0,27.78
2024-02-27,0.01,27.57
2024-02-28,0.02,26.6
2024-02-29,0.02,26.97
2024-03-01,0.02,26.45
2024-03-02,0.82,27.28
2024-03-03,0.3,26.26
2024-03-04,0.39,27.41
2024-03-05,0.3,27.05
2024-03-06,0.28,27.37
2024-03-07,0.54,26.92
2024-03-08,1.15,26.53
2024-03-09,0.79,26.61
2024-03-10,0.63,26.86
2024-03-11,1.37,27.64
2024-03-12,1.38,27.81
2024-03-13,2.88,27.34
2024-03-14,7.89,26.27
2024-03-15,1.44,28.19
2024-03-16,6.29,27.65
2024-03-17,0.13,26.73
2024-03-18,0.08,27.67
2024-03-19,0.09,27.6
2024-03-20,0.09,27.67
2024-03-21,0.06,27.67
2024-03-22,0.25,27.58
2024-03-23,0.89,26.64
2024-03-24,0.39,26.45
2024-03-25,0.51,27.29
2024-03-26,0.23,27.15
2024-03-27,0.39,27.31
2024-03-28,1.68,28.49
2024-03-29,1.13,28.18
2024-03-30,1.65,27.3
2024-03-31,1.29,27.22
2024-04-01,1.32,26.8
2024-04-02,1.69,27.72
2024-04-03,2.39,26.76
2024-04-04,3.58,27.37
2024-04-05,8.01,26.31
2024-04-06,8.19,26.31
2024-04-07,4.09,26.35
2024-04-08,4.99,25.96
2024-04-09,1.68,26.68
2024-04-10,1.08,26.58
2024-04-11,1.08,26.82
2024-04-12,0.47,26.63
2024-04-13,2.4,26.15
2024-04-14,0.78,27.04
2024-04-15,4.42,28.1
2024-04-16,0.03,27.08
2024-04-17,0.01,26.63
2024-04-18,0.08,27.4
2024-04-19,0.06,26.99
2024-04-20,0.1,27.71
2024-04-21,9.49,26.4
2024-04-22,5.67,27.25
2024-04-23,13.57,26.57
2024-04-24,4.45,26.83
2024-04-25,4.38,26.76
2024-04-26,4.05,26.61
2024-04-27,3.94,26.53
2024-04-28,2.61,26.83
2024-04-29,8.34,26.86
2024-04-30,7.48,27.0
2024-05-01,4.89,26.37
2024-05-02,2.07,26.38
2024-05-03,1.25,25.69
2024-05-04,1.16,27.05
2024-05-05,3.93,27.09
2024-05-06,3.43,26.37
2024-05-07,2.67,26.79
2024-05-08,1.55,26.35
2024-05-09,1.26,26.69
2024-05-10,4.78,26.34
2024-05-11,13.37,26.58
2024-05-12,3.84,26.52
2024-05-13,2.45,26.24
2024-05-14,2.74,26.03
2024-05-15,3.09,26.84
2024-05-16,2.73,26.39
2024-05-17,4.15,27.09
2024-05-18,7.63,27.2
2024-05-19,2.01,27.52
2024-05-20,4.19,27.14
2024-05-21,4.44,26.93
2024-05-22,6.81,26.0
2024-05-23,3.96,26.19
2024-05-24,6.32,26.51
2024-05-25,27.13,24.9
2024-05-26,0.35,25.71
2024-05-27,3.8,25.63
2024-05-28,0.58,25.87
2024-05-29,0.48,26.68
2024-05-30,5.59,26.24
2024-05-31,6.08,25.9
2024-06-01,11.06,26.44
2024-06-02,8.79,25.73
2024-06-03,6.6,25.42
2024-06-04,14.04,26.08
2024-06-05,6.19,25.56
2024-06-06,10.32,25.33
2024-06-07,1.16,25.33
2024-06-08,0.61,25.66
2024-06-09,2.45,25.8
2024-06-10,7.05,25.89
2024-06-11,17.62,25.84
2024-06-12,4.7,25.92
2024-06-13,17.04,26.13
2024-06-14,17.2,25.66
2024-06-15,7.22,24.65
2024-06-16,2.04,25.08
2024-06-17,0.17,25.56
2024-06-18,0.23,26.63
2024-06-19,1.88,26.44
2024-06-20,5.73,25.19
2024-06-21,8.81,24.5
2024-06-22,2.97,25.06
2024-06-23,1.75,24.79
2024-06-24,3.27,25.48
2024-06-25,30.19,25.03
2024-06-26,10.53,24.41
2024-06-27,3.64,25.05
2024-06-28,7.33,25.67
2024-06-29,16.27,24.97
2024-06-30,10.1,24.64
2024-07-01,1.1,25.04
2024-07-02,38.43,25.08
2024-07-03,20.08,24.53
2024-07-04,10.73,24.73
2024-07-05,1.05,24.74
2024-07-06,2.54,24.51
2024-07-07,2.31,24.56
2024-07-08,7.91,24.27
2024-07-09,2.46,24.64
2024-07-10,2.71,25.06
2024-07-11,5.7,24.41
2024-07-12,7.08,24.74
2024-07-13,3.87,24.1
2024-07-14,0.63,24.98
2024-07-15,6.06,24.94
2024-07-16,10.48,24.07
2024-07-17,7.49,23.87
2024-07-18,4.38,24.93
2024-07-19,7.14,24.4
2024-07-20,11.46,24.3
2024-07-21,9.8,24.63
2024-07-22,2.84,24.27
2024-07-23,7.56,24.18
2024-07-24,1.24,24.17
2024-07-25,0.43,24.63
2024-07-26,0.36,24.46
2024-07-27,0.4,24.96
2024-07-28,2.72,24.27
2024-07-29,3.29,24.17
2024-07-30,2.36,24.02
2024-07-31,2.47,24.73
2024-08-01,1.71,24.54
2024-08-02,2.81,24.74
2024-08-03,0.83,24.72
2024-08-04,0.12,24.61
2024-08-05,0.29,24.77
2024-08-06,0.92,24.58
2024-08-07,1.15,24.65
2024-08-08,0.33,24.64
2024-08-09,0.05,24.82
2024-08-10,0.27,24.5
2024-08-11,0.43,24.74
2024-08-12,0.78,24.16
2024-08-13,0.63,24.46
2024-08-14,0.68,24.97
2024-08-15,0.57,24.57
2024-08-16,1.67,24.16
2024-08-17,0.45,24.66
2024-08-18,0.15,24.74
2024-08-19,24.28,23.78
2024-08-20,11.47,24.29
2024-08-21,1.12,24.57
2024-08-22,3.48,24.92
2024-08-23,25.73,23.72
2024-08-24,5.37,24.37
2024-08-25,1.04,24.06
2024-08-26,6.47,24.21
2024-08-27,1.72,24.97
2024-08-28,1.16,24.77
2024-08-29,5.73,24.61
2024-08-30,13.7,23.94
2024-08-31,4.02,23.58
2024-09-01,1.94,24.24
2024-09-02,0.46,24.25
2024-09-03,0.3,23.87
2024-09-04,0.3,24.36
2024-09-05,0.26,24.4
2024-09-06,5.53,24.23
2024-09-07,47.52,23.09
2024-09-08,2.15,25.12
2024-09-09,2.68,24.92
2024-09-10,16.63,23.98
2024-09-11,3.2,24.42
2024-09-12,3.75,24.86
2024-09-13,8.01,24.98
2024-09-14,12.93,24.09
2024-09-15,5.58,25.21
2024-09-16,2.75,25.35
2024-09-17,21.35,24.61
2024-09-18,12.44,24.08
2024-09-19,2.56,24.75
2024-09-20,1.08,24.45
2024-09-21,1.71,25.4
2024-09-22,13.59,25.46
2024-09-23,42.81,25.16
2024-09-24,28.79,24.96
2024-09-25,18.4,24.94
2024-09-26,4.84,25.24
2024-09-27,4.88,25.47
2024-09-28,19.76,24.78
2024-09-29,25.72,23.99
2024-09-30,9.19,25.55
2024-10-01,7.7,25.64
2024-10-02,13.04,24.31
2024-10-03,18.98,24.45
2024-10-04,58.6,24.39
2024-10-05,32.16,24.22
2024-10-06,0.66,24.36
2024-10-07,8.79,25.35
2024-10-08,9.86,25.24
2024-10-09,23.9,24.91
2024-10-10,12.06,26.06
2024-10-11,34.76,25.73
2024-10-12,14.06,25.62
2024-10-13,5.24,25.12
2024-10-14,1.73,24.1
2024-10-15,0.63,23.92
2024-10-16,4.0,25.08
2024-10-17,9.07,24.4
2024-10-18,5.63,25.1
2024-10-19,5.28,25.58
2024-10-20,6.38,25.84
2024-10-21,8.77,25.39
2024-10-22,24.31,24.81
2024-10-23,16.79,25.56
2024-10-24,0.89,26.1
2024-10-25,16.47,25.12
2024-10-26,5.08,26.1
2024-10-27,2.93,26.57
2024-10-28,2.88,26.14
2024-10-29,2.97,26.15
2024-10-30,1.0,26.51
2024-10-31,0.37,26.27
2024-11-01,0.38,26.13
2024-11-02,5.48,24.68
2024-11-03,13.5,25.22
2024-11-04,0.05,24.93
2024-11-05,0.06,23.8
2024-11-06,1.74,24.69
2024-11-07,0.33,24.65
2024-11-08,0.1,25.8
2024-11-09,0.37,24.91
2024-11-10,1.33,24.9
2024-11-11,0.25,25.34
2024-11-12,0.05,25.75
2024-11-13,0.06,26.18
2024-11-14,0.3,26.36
2024-11-15,0.21,25.56
2024-11-16,0.1,24.54
2024-11-17,0.27,24.5
2024-11-18,0.07,24.71
2024-11-19,0.01,24.12
2024-11-20,0.03,23.8
2024-11-21,0.1,24.08
2024-11-22,0.23,24.99
2024-11-23,0.04,23.8
2024-11-24,0.07,23.18
2024-11-25,0.02,22.66
2024-11-26,0.03,23.43
2024-11-27,0.0,23.03
2024-11-28,0.0,23.56
2024-11-29,0.0,22.58
2024-11-30,0.0,22.53
2024-12-01,0.0,23.74
2024-12-02,0.0,24.1
2024-12-03,0.0,24.05
2024-12-04,0.0,23.87
2024-12-05,0.0,23.51
2024-12-06,0.01,23.39
2024-12-07,0.1,23.09
2024-12-08,0.01,23.01
2024-12-09,0.0,22.98
2024-12-10,0.0,24.61
2024-12-11,0.06,24.27
2024-12-12,0.07,24.56
2024-12-13,0.05,24.15
2024-12-14,0.0,22.99
2024-12-15,0.0,22.77
2024-12-16,0.0,23.45
2024-12-17,0.0,22.99
2024-12-18,0.0,22.26
2024-12-19,0.0,21.03
2024-12-20,0.0,20.97
2024-12-21,0.0,21.64
2024-12-22,0.0,22.54
2024-12-23,0.0,23.45
2024-12-24,0.0,23.5
2024-12-25,0.0,24.33
2024-12-26,0.0,23.87
2024-12-27,0.0,23.85
2024-12-28,0.0,23.05
2024-12-29,0.0,23.44
2024-12-30,0.0,24.48
2024-12-31,0.0,24.69
